Messstellennummer,Messstellenname,Gewaesser,Betreiber,Datum,Wasserstand,Einheit,Ganglinien,Klassifikation,stammdaten_link
5865900,Allee der Kosmonauten,M.-H.-Grenzgr.,Land Berlin,06.10.2026,45.60,m+NHN,https://wasserportal.berlin.de/station.php?anzeige=g&thema=ows&station=5865900,niedrig,https://wasserportal.berlin.de/station.php?anzeige=i&thema=ows&station=5865900
5827103,Allendestraße,Müggelspree,Land Berlin,03.03.2026,32.30,m+NHN,https://wasserportal.berlin.de/station.php?anzeige=g&thema=ows&station=5827103,inaktiv,https://wasserportal.berlin.de/station.php?anzeige=i&thema=ows&station=5827103
5870400,Alsenbrücke,Griebnitzkanal,Land Berlin,07.10.2026,29.33,m+NHN,https://wasserportal.berlin.de/station.php?anzeige=g&thema=ows&station=5870400,niedrig,https://wasserportal.berlin.de/station.php?anzeige=i&thema=ows&station=5870400
5865300,Am Bahndamm,Wuhle,Land Berlin,25.01.2023 07:00,32.31,m+NHN,https://wasserportal.berlin.de/station.php?anzeige=g&thema=ows&station=5865300,inaktiv,https://wasserportal.berlin.de/station.php?anzeige=i&thema=ows&station=5865300
5819900,Am Freibad,Tegeler Fließ,Land Berlin,06.10.2026,33.05,m+NHN,https://wasserportal.berlin.de/station.php?anzeige=g&thema=ows&station=5819900,niedrig,https://wasserportal.berlin.de/station.php?anzeige=i&thema=ows&station=5819900
5864801,Am Kienberg,Hellersdorfer Graben,Land Berlin,06.10.2026,43.93,m+NHN,https://wasserportal.berlin.de/station.php?anzeige=g&thema=ows&station=5864801,keine,https://wasserportal.berlin.de/station.php?anzeige=i&thema=ows&station=5864801
5861101,Am Reitweg,Neuenhagener Mühlenfließ,Land Berlin,06.10.2026,33.61,m+NHN,https://wasserportal.berlin.de/station.php?anzeige=g&thema=ows&station=5861101,niedrig,https://wasserportal.berlin.de/station.php?anzeige=i&thema=ows&station=5861101
5800107,Am Wolfsschluchtkanal,Krumme Lanke,Land Berlin,06.10.2026,31.68,m+NHN,https://wasserportal.berlin.de/station.php?anzeige=g&thema=ows&station=5800107,normal,https://wasserportal.berlin.de/station.php?anzeige=i&thema=ows&station=5800107
5800317,Biesdorfer Baggersee,Biesdorfer Baggersee,Land Berlin,07.10.2026 05:00,34.10,m+NHN,https://wasserportal.berlin.de/station.php?anzeige=g&thema=ows&station=5800317,niedrig,https://wasserportal.berlin.de/station.php?anzeige=i&thema=ows&station=5800317
5867003,Blankenfelde,Blankenfelder Graben,Land Berlin,07.10.2026 05:00,48.45,m+NHN,https://wasserportal.berlin.de/station.php?anzeige=g&thema=ows&station=5867003,normal,https://wasserportal.berlin.de/station.php?anzeige=i&thema=ows&station=5867003
5867401,Bürgerpark,Panke,Land Berlin,07.10.2026 06:00,37.58,m+NHN,https://wasserportal.berlin.de/station.php?anzeige=g&thema=ows&station=5867401,normal,https://wasserportal.berlin.de/station.php?anzeige=i&thema=ows&station=5867401
5800301,Dianasee,Dianasee,Land Berlin,06.10.2026,32.69,m+NHN,https://wasserportal.berlin.de/station.php?anzeige=g&thema=ows&station=5800301,niedrig,https://wasserportal.berlin.de/station.php?anzeige=i&thema=ows&station=5800301
5800302,Dreipfuhl,Dreipfuhl,Land Berlin,07.10.2026 05:00,43.53,m+NHN,https://wasserportal.berlin.de/station.php?anzeige=g&thema=ows&station=5800302,niedrig,https://wasserportal.berlin.de/station.php?anzeige=i&thema=ows&station=5800302
5863000,Eisenacher Straße,Wuhle,Land Berlin,06.10.2026 22:45,44.62,m+NHN,https://wasserportal.berlin.de/station.php?anzeige=g&thema=ows&station=5863000,Trocken gefallen,https://wasserportal.berlin.de/station.php?anzeige=i&thema=ows&station=5863000
5867900,Eisenbahnbrücke,Nordgraben,Land Berlin,07.10.2026 06:00,32.31,m+NHN,https://wasserportal.berlin.de/station.php?anzeige=g&thema=ows&station=5867900,normal,https://wasserportal.berlin.de/station.php?anzeige=i&thema=ows&station=5867900
5867601,Eisstadion,Panke,Land Berlin,05.10.2026,32.25,m+NHN,https://wasserportal.berlin.de/station.php?anzeige=g&thema=ows&station=5867601,nicht aktuell,https://wasserportal.berlin.de/station.php?anzeige=i&thema=ows&station=5867601
5827101,Fähre Rahnsdorf,Müggelspree,Land Berlin,05.10.2026,32.35,m+NHN,https://wasserportal.berlin.de/station.php?anzeige=g&thema=ows&station=5827101,nicht aktuell,https://wasserportal.berlin.de/station.php?anzeige=i&thema=ows&station=5827101
5800320,Fennpfuhl,Fennpfuhl,Land Berlin,07.10.2026 05:00,47.07,m+NHN,https://wasserportal.berlin.de/station.php?anzeige=g&thema=ows&station=5800320,normal,https://wasserportal.berlin.de/station.php?anzeige=i&thema=ows&station=5800320
5800313,Fennsee,Fennsee,Land Berlin,06.10.2026 17:00,32.93,m+NHN,https://wasserportal.berlin.de/station.php?anzeige=g&thema=ows&station=5800313,niedrig,https://wasserportal.berlin.de/station.php?anzeige=i&thema=ows&station=5800313
5860900,Fichtenau,Fredersdorfer Mühlenfließ,Land Berlin,28.09.2026 23:45,37.33,m+NHN,https://wasserportal.berlin.de/station.php?anzeige=g&thema=ows&station=5860900,nicht aktuell,https://wasserportal.berlin.de/station.php?anzeige=i&thema=ows&station=5860900
5867101,Flaischlenstraße,Laake,Land Berlin,06.10.2026,45.16,m+NHN,https://wasserportal.berlin.de/station.php?anzeige=g&thema=ows&station=5867101,niedrig,https://wasserportal.berlin.de/station.php?anzeige=i&thema=ows&station=5867101
5800303,Flughafensee,Flughafensee,Land Berlin,07.10.2026 05:00,29.76,m+NHN,https://wasserportal.berlin.de/station.php?anzeige=g&thema=ows&station=5800303,niedrig,https://wasserportal.berlin.de/station.php?anzeige=i&thema=ows&station=5800303
5826702,Gosener Landstraße,Gosener Graben,Land Berlin,06.10.2026,32.36,m+NHN,https://wasserportal.berlin.de/station.php?anzeige=g&thema=ows&station=5826702,niedrig,https://wasserportal.berlin.de/station.php?anzeige=i&thema=ows&station=5826702
5800305,Groß Glienicker See,Groß Glienicker See,Land Berlin,06.10.2026,29.59,m+NHN,https://wasserportal.berlin.de/station.php?anzeige=g&thema=ows&station=5800305,niedrig,https://wasserportal.berlin.de/station.php?anzeige=i&thema=ows&station=5800305
5800304,Grunewaldsee,Fenngraben,Land Berlin,06.10.2026 18:30,32.09,m+NHN,https://wasserportal.berlin.de/station.php?anzeige=g&thema=ows&station=5800304,normal,https://wasserportal.berlin.de/station.php?anzeige=i&thema=ows&station=5800304
5800306,Halensee,Halensee,Land Berlin,07.10.2026 05:00,32.70,m+NHN,https://wasserportal.berlin.de/station.php?anzeige=g&thema=ows&station=5800306,normal,https://wasserportal.berlin.de/station.php?anzeige=i&thema=ows&station=5800306
5861000,Hegemeisterweg,Fredersdorfer Mühlenfließ,Land Berlin,06.10.2026,35.58,m+NHN,https://wasserportal.berlin.de/station.php?anzeige=g&thema=ows&station=5861000,Trocken gefallen,https://wasserportal.berlin.de/station.php?anzeige=i&thema=ows&station=5861000
5867300,Heinersdorf,Panke,Land Berlin,07.10.2026 05:00,42.76,m+NHN,https://wasserportal.berlin.de/station.php?anzeige=g&thema=ows&station=5867300,normal,https://wasserportal.berlin.de/station.php?anzeige=i&thema=ows&station=5867300
5864700,Hellersdorf,Wuhle,Land Berlin,06.10.2026 17:00,44.54,m+NHN,https://wasserportal.berlin.de/station.php?anzeige=g&thema=ows&station=5864700,niedrig,https://wasserportal.berlin.de/station.php?anzeige=i&thema=ows&station=5864700
5865000,Honsfelder Brücke,Wuhle,Land Berlin,06.10.2026,34.66,m+NHN,https://wasserportal.berlin.de/station.php?anzeige=g&thema=ows&station=5865000,Trocken gefallen,https://wasserportal.berlin.de/station.php?anzeige=i&thema=ows&station=5865000
5865200,Hoppendorfer Straße,Wuhle,Land Berlin,07.10.2026 06:00,32.38,m+NHN,https://wasserportal.berlin.de/station.php?anzeige=g&thema=ows&station=5865200,niedrig,https://wasserportal.berlin.de/station.php?anzeige=i&thema=ows&station=5865200
5800308,Hundekehlesee,Hundekehlesee,Land Berlin,07.10.2026 05:00,31.83,m+NHN,https://wasserportal.berlin.de/station.php?anzeige=g&thema=ows&station=5800308,niedrig,https://wasserportal.berlin.de/station.php?anzeige=i&thema=ows&station=5800308
5800321,Jungfernheideteich,Jungfernheideteich,Land Berlin,07.10.2026 05:00,30.29,m+NHN,https://wasserportal.berlin.de/station.php?anzeige=g&thema=ows&station=5800321,keine,https://wasserportal.berlin.de/station.php?anzeige=i&thema=ows&station=5800321
5867100,Krontaler Straße,Panke,Land Berlin,06.10.2026,45.60,m+NHN,https://wasserportal.berlin.de/station.php?anzeige=g&thema=ows&station=5867100,niedrig,https://wasserportal.berlin.de/station.php?anzeige=i&thema=ows&station=5867100
5869700,Krummendammbrücke,Neuenhagener Mühlenfließ,Land Berlin,07.10.2026 05:00,37.45,m+NHN,https://wasserportal.berlin.de/station.php?anzeige=g&thema=ows&station=5869700,niedrig,https://wasserportal.berlin.de/station.php?anzeige=i&thema=ows&station=5869700
5867500,Kühnemannstraße,Panke,Land Berlin,06.10.2026,37.10,m+NHN,https://wasserportal.berlin.de/station.php?anzeige=g&thema=ows&station=5867500,niedrig,https://wasserportal.berlin.de/station.php?anzeige=i&thema=ows&station=5867500
5870100,Lichterfelde,Teltowkanal,Land Berlin,06.10.2026,32.36,m+NHN,https://wasserportal.berlin.de/station.php?anzeige=g&thema=ows&station=5870100,normal,https://wasserportal.berlin.de/station.php?anzeige=i&thema=ows&station=5870100
5800309,Lietzensee,Lietzensee,Land Berlin,07.10.2026 05:00,30.71,m+NHN,https://wasserportal.berlin.de/station.php?anzeige=g&thema=ows&station=5800309,niedrig,https://wasserportal.berlin.de/station.php?anzeige=i&thema=ows&station=5800309
5819901,Lübars,Tegeler Fließ,Land Berlin,06.10.2026,33.33,m+NHN,https://wasserportal.berlin.de/station.php?anzeige=g&thema=ows&station=5819901,niedrig,https://wasserportal.berlin.de/station.php?anzeige=i&thema=ows&station=5819901
5800318,Malchower See,Malchower See,Land Berlin,07.10.2026 05:00,47.34,m+NHN,https://wasserportal.berlin.de/station.php?anzeige=g&thema=ows&station=5800318,niedrig,https://wasserportal.berlin.de/station.php?anzeige=i&thema=ows&station=5800318
5826701,Neue Fahlenbergbrücke,Gosener Kanal,Land Berlin,05.10.2026,32.35,m+NHN,https://wasserportal.berlin.de/station.php?anzeige=g&thema=ows&station=5826701,nicht aktuell,https://wasserportal.berlin.de/station.php?anzeige=i&thema=ows&station=5826701
5866403,Nonnengraben,Nonnengraben,Land Berlin,28.09.2026 15:00,31.19,m+NHN,https://wasserportal.berlin.de/station.php?anzeige=g&thema=ows&station=5866403,nicht aktuell,https://wasserportal.berlin.de/station.php?anzeige=i&thema=ows&station=5866403
5800315,Obersee,Obersee,Land Berlin,07.10.2026 05:00,52.61,m+NHN,https://wasserportal.berlin.de/station.php?anzeige=g&thema=ows&station=5800315,niedrig,https://wasserportal.berlin.de/station.php?anzeige=i&thema=ows&station=5800315
5800316,Orankesee,Orankesee,Land Berlin,07.10.2026 05:00,50.11,m+NHN,https://wasserportal.berlin.de/station.php?anzeige=g&thema=ows&station=5800316,normal,https://wasserportal.berlin.de/station.php?anzeige=i&thema=ows&station=5800316
5867700,Pasewalker Brücke,Nordgraben,Land Berlin,06.10.2026,41.80,m+NHN,https://wasserportal.berlin.de/station.php?anzeige=g&thema=ows&station=5867700,niedrig,https://wasserportal.berlin.de/station.php?anzeige=i&thema=ows&station=5867700
5803500,Pfaueninsel,Havel,Land Berlin,06.10.2026,29.32,m+NHN,https://wasserportal.berlin.de/station.php?anzeige=g&thema=ows&station=5803500,"niedrig, kein Alarm",https://wasserportal.berlin.de/station.php?anzeige=i&thema=ows&station=5803500
5800312,Plötzensee,Plötzensee,Land Berlin,07.10.2026 05:00,31.00,m+NHN,https://wasserportal.berlin.de/station.php?anzeige=g&thema=ows&station=5800312,niedrig,https://wasserportal.berlin.de/station.php?anzeige=i&thema=ows&station=5800312
5867000,Röntgental,Panke,Land Berlin,06.10.2026,56.69,m+NHN,https://wasserportal.berlin.de/station.php?anzeige=g&thema=ows&station=5867000,niedrig,https://wasserportal.berlin.de/station.php?anzeige=i&thema=ows&station=5867000
5800106,Schäfersee,Schäfersee,Land Berlin,06.10.2026,37.33,m+NHN,https://wasserportal.berlin.de/station.php?anzeige=g&thema=ows&station=5800106,niedrig,https://wasserportal.berlin.de/station.php?anzeige=i&thema=ows&station=5800106
5866700,Schleuse Neukölln OP,Neuk. Schifffahrtskanal,Land Berlin,06.10.2026,32.36,m+NHN,https://wasserportal.berlin.de/station.php?anzeige=g&thema=ows&station=5866700,normal,https://wasserportal.berlin.de/station.php?anzeige=i&thema=ows&station=5866700
5866800,Schleuse Neukölln UP,Neuk. Schifffahrtskanal,Land Berlin,06.10.2026,32.04,m+NHN,https://wasserportal.berlin.de/station.php?anzeige=g&thema=ows&station=5866800,normal,https://wasserportal.berlin.de/station.php?anzeige=i&thema=ows&station=5866800
5862811,Schmöckwitz US,Zeuthener See,Land Berlin,07.10.2026,32.36,m+NHN,https://wasserportal.berlin.de/station.php?anzeige=g&thema=ows&station=5862811,niedrig,https://wasserportal.berlin.de/station.php?anzeige=i&thema=ows&station=5862811
5867600,Schönwalder Str.,Panke,Land Berlin,28.09.2026 14:00,33.77,m+NHN,https://wasserportal.berlin.de/station.php?anzeige=g&thema=ows&station=5867600,nicht aktuell,https://wasserportal.berlin.de/station.php?anzeige=i&thema=ows&station=5867600
5827700,Sophienwerder,Spree,Land Berlin,06.10.2026,29.35,m+NHN,https://wasserportal.berlin.de/station.php?anzeige=g&thema=ows&station=5827700,niedrig,https://wasserportal.berlin.de/station.php?anzeige=i&thema=ows&station=5827700
5820000,St.-Joseph-Steg,Tegeler Fließ,Land Berlin,31.08.2025 23:45,32.59,m+NHN,https://wasserportal.berlin.de/station.php?anzeige=g&thema=ows&station=5820000,inaktiv,https://wasserportal.berlin.de/station.php?anzeige=i&thema=ows&station=5820000
5815911,Tegelort,Havel,Land Berlin,05.10.2026,31.26,m+NHN,https://wasserportal.berlin.de/station.php?anzeige=g&thema=ows&station=5815911,nicht aktuell,https://wasserportal.berlin.de/station.php?anzeige=i&thema=ows&station=5815911
5803200,Tiefwerder,Havel,Land Berlin,05.10.2026,29.31,m+NHN,https://wasserportal.berlin.de/station.php?anzeige=g&thema=ows&station=5803200,nicht aktuell,https://wasserportal.berlin.de/station.php?anzeige=i&thema=ows&station=5803200
5867301,Venturigerinne,Malchower Fließgraben,Land Berlin,07.10.2026 05:00,44.19,m+NHN,https://wasserportal.berlin.de/station.php?anzeige=g&thema=ows&station=5867301,niedrig,https://wasserportal.berlin.de/station.php?anzeige=i&thema=ows&station=5867301
5867201,Verteiler OP,Panke,Land Berlin,06.10.2026,43.30,m+NHN,https://wasserportal.berlin.de/station.php?anzeige=g&thema=ows&station=5867201,niedrig,https://wasserportal.berlin.de/station.php?anzeige=i&thema=ows&station=5867201
5867202,Verteiler UP,Panke,Land Berlin,28.09.2026 14:30,43.19,m+NHN,https://wasserportal.berlin.de/station.php?anzeige=g&thema=ows&station=5867202,nicht aktuell,https://wasserportal.berlin.de/station.php?anzeige=i&thema=ows&station=5867202
5800310,Waldsee Zehlendorf,Waldsee Zehlendorf,Land Berlin,07.10.2026 05:00,35.56,m+NHN,https://wasserportal.berlin.de/station.php?anzeige=g&thema=ows&station=5800310,normal,https://wasserportal.berlin.de/station.php?anzeige=i&thema=ows&station=5800310
5800314,Weißer See,Weißer See,Land Berlin,07.10.2026 05:00,41.70,m+NHN,https://wasserportal.berlin.de/station.php?anzeige=g&thema=ows&station=5800314,niedrig,https://wasserportal.berlin.de/station.php?anzeige=i&thema=ows&station=5800314
5861200,Wiesengrund,Neuenhagener Mühlenfließ,Land Berlin,28.09.2026 14:00,32.80,m+NHN,https://wasserportal.berlin.de/station.php?anzeige=g&thema=ows&station=5861200,nicht aktuell,https://wasserportal.berlin.de/station.php?anzeige=i&thema=ows&station=5861200
5867001,Wiltbergstraße,Panke,Land Berlin,28.09.2026 17:00,52.29,m+NHN,https://wasserportal.berlin.de/station.php?anzeige=g&thema=ows&station=5867001,nicht aktuell,https://wasserportal.berlin.de/station.php?anzeige=i&thema=ows&station=5867001
5864800,Wuhletal,Wuhle,Land Berlin,06.10.2026,39.37,m+NHN,https://wasserportal.berlin.de/station.php?anzeige=g&thema=ows&station=5864800,niedrig,https://wasserportal.berlin.de/station.php?anzeige=i&thema=ows&station=5864800
5866301,Zoo,Landwehrkanal,Land Berlin,06.10.2026,32.01,m+NHN,https://wasserportal.berlin.de/station.php?anzeige=g&thema=ows&station=5866301,niedrig,https://wasserportal.berlin.de/station.php?anzeige=i&thema=ows&station=5866301
5825500,"Beeskow, Spreeschleuse UP",Spree,Land Brandenburg,02.10.2026 11:00,203,cm,https://pegelportal.brandenburg.de/messstelle.php?fgid=6&pkz=5825500&thema=ws_graph,"niedrig, kein Alarm",https://pegelportal.brandenburg.de/messstelle.php?fgid=6&pkz=5825500&thema=ws_graph
5821000,"Cottbus, Sandower Brücke",Spree,Land Brandenburg,02.10.2026 11:00,91,cm,https://pegelportal.brandenburg.de/messstelle.php?fgid=6&pkz=5821000&thema=ws_graph,"niedrig, kein Alarm",https://pegelportal.brandenburg.de/messstelle.php?fgid=6&pkz=5821000&thema=ws_graph
5827000,Hohenbinde,Spree,Land Brandenburg,02.10.2026 11:00,57,cm,https://pegelportal.brandenburg.de/messstelle.php?fgid=6&pkz=5827000&thema=ws_graph,keine,https://pegelportal.brandenburg.de/messstelle.php?fgid=6&pkz=5827000&thema=ws_graph
5824700,"Leibsch, Spreewehr UP",Spree,Land Brandenburg,02.10.2026 11:00,317,cm,https://pegelportal.brandenburg.de/messstelle.php?fgid=6&pkz=5824700&thema=ws_graph,"niedrig, kein Alarm",https://pegelportal.brandenburg.de/messstelle.php?fgid=6&pkz=5824700&thema=ws_graph
5823800,"Lübben, Zusammenfluss",Spree,Land Brandenburg,02.10.2026 11:00,314,cm,https://pegelportal.brandenburg.de/messstelle.php?fgid=6&pkz=5823800&thema=ws_graph,"niedrig, kein Alarm",https://pegelportal.brandenburg.de/messstelle.php?fgid=6&pkz=5823800&thema=ws_graph
5862201,Prierow 2,Dahme,Land Brandenburg,02.10.2026 10:45,40,cm,https://pegelportal.brandenburg.de/messstelle.php?fgid=6&pkz=5862201&thema=ws_graph,"niedrig, kein Alarm",https://pegelportal.brandenburg.de/messstelle.php?fgid=6&pkz=5862201&thema=ws_graph
5820900,Spremberg,Spree,Land Brandenburg,02.10.2026 11:00,175,cm,https://pegelportal.brandenburg.de/messstelle.php?fgid=6&pkz=5820900&thema=ws_graph,"niedrig, kein Alarm",https://pegelportal.brandenburg.de/messstelle.php?fgid=6&pkz=5820900&thema=ws_graph
582730,Berlin-Mühlendamm UP,Spree-Oder-Wasserstrasse,WSV,02.10.2026 12:15,30.72,m+NHN,https://wasserportal.berlin.de/station.php?anzeige=g&thema=wws&station=582730,nicht aktuell,https://wasserportal.berlin.de/station.php?anzeige=i&thema=wws&station=582730
586270,Neue Mühle Schleuse OP,Dahme-Wasserstrasse,WSV,02.10.2026 12:15,33.76,m+NHN,https://wasserportal.berlin.de/station.php?anzeige=g&thema=wws&station=586270,nicht aktuell,https://wasserportal.berlin.de/station.php?anzeige=i&thema=wws&station=586270
581591,Borgsdorf,Havel-Oder-Wasserstrasse,WSV,02.10.2026 12:15,28.98,m+NHN,https://wasserportal.berlin.de/station.php?anzeige=g&thema=wws&station=581591,nicht aktuell,https://wasserportal.berlin.de/station.php?anzeige=i&thema=wws&station=581591
5859300,Wernsdorf UP,Spree-Oder-Wasserstrasse,WSV,02.10.2026 12:00,32.35,m+NHN,https://wasserportal.berlin.de/station.php?anzeige=g&thema=wws&station=5859300,nicht aktuell,https://wasserportal.berlin.de/station.php?anzeige=i&thema=wws&station=5859300
586600,Berlin-Oberschleuse OP,Landwehrkanal,WSV,02.10.2026 12:15,32.34,m+NHN,https://wasserportal.berlin.de/station.php?anzeige=g&thema=wws&station=586600,nicht aktuell,https://wasserportal.berlin.de/station.php?anzeige=i&thema=wws&station=586600
586040,Woltersdorf OP,Rüdersdorfer Gewässer,WSV,02.10.2026 12:15,34.50,m+NHN,https://wasserportal.berlin.de/station.php?anzeige=g&thema=wws&station=586040,nicht aktuell,https://wasserportal.berlin.de/station.php?anzeige=i&thema=wws&station=586040
587030,Kleinmachnow UP,Teltowkanal,WSV,02.10.2026 12:30,29.34,m+NHN,https://wasserportal.berlin.de/station.php?anzeige=g&thema=wws&station=587030,nicht aktuell,https://wasserportal.berlin.de/station.php?anzeige=i&thema=wws&station=587030
581540,Liebenwalde OP,Malzer Kanal,WSV,02.10.2026 12:15,36.14,m+NHN,https://wasserportal.berlin.de/station.php?anzeige=g&thema=wws&station=581540,nicht aktuell,https://wasserportal.berlin.de/station.php?anzeige=i&thema=wws&station=581540
586650,Berlin-Ploetzensee UP,Berlin-Spandauer-Schifffahrtskanal,WSV,02.10.2026 12:15,30.71,m+NHN,https://wasserportal.berlin.de/station.php?anzeige=g&thema=wws&station=586650,nicht aktuell,https://wasserportal.berlin.de/station.php?anzeige=i&thema=wws&station=586650
580090,Bredereiche UP,Obere Havel-Wasserstrasse,WSV,02.10.2026 12:15,48.64,m+NHN,https://wasserportal.berlin.de/station.php?anzeige=g&thema=wws&station=580090,nicht aktuell,https://wasserportal.berlin.de/station.php?anzeige=i&thema=wws&station=580090
586290,Berlin-Köpenick,Spree-Oder-Wasserstrasse,WSV,02.10.2026 12:15,32.35,m+NHN,https://wasserportal.berlin.de/station.php?anzeige=g&thema=wws&station=586290,"nicht aktuell, kein Alarm",https://wasserportal.berlin.de/station.php?anzeige=i&thema=wws&station=586290
586620,Berlin-Unterschleuse OP,Landwehrkanal,WSV,02.10.2026 12:15,32.03,m+NHN,https://wasserportal.berlin.de/station.php?anzeige=g&thema=wws&station=586620,nicht aktuell,https://wasserportal.berlin.de/station.php?anzeige=i&thema=wws&station=586620
582640,Fuerstenwalde OP,Spree-Oder-Wasserstrasse,WSV,02.10.2026 12:15,38.01,m+NHN,https://wasserportal.berlin.de/station.php?anzeige=g&thema=wws&station=582640,nicht aktuell,https://wasserportal.berlin.de/station.php?anzeige=i&thema=wws&station=582640
580412,Potsdam,Potsdamer Havel,WSV,02.10.2026 12:15,29.32,m+NHN,https://wasserportal.berlin.de/station.php?anzeige=g&thema=wws&station=580412,nicht aktuell,https://wasserportal.berlin.de/station.php?anzeige=i&thema=wws&station=580412
582740,Berlin-Charlottenburg OP,Spree-Oder-Wasserstrasse,WSV,02.10.2026 12:15,30.75,m+NHN,https://wasserportal.berlin.de/station.php?anzeige=g&thema=wws&station=582740,nicht aktuell,https://wasserportal.berlin.de/station.php?anzeige=i&thema=wws&station=582740
586810,Berlin-Schmoeckwitz,Dahme-Wasserstrasse,WSV,02.10.2026 12:15,32.34,m+NHN,https://wasserportal.berlin.de/station.php?anzeige=g&thema=wws&station=586810,nicht aktuell,https://wasserportal.berlin.de/station.php?anzeige=i&thema=wws&station=586810
582720,Berlin-Mühlendamm OP,Spree-Oder-Wasserstrasse,WSV,02.10.2026 12:15,32.32,m+NHN,https://wasserportal.berlin.de/station.php?anzeige=g&thema=wws&station=582720,nicht aktuell,https://wasserportal.berlin.de/station.php?anzeige=i&thema=wws&station=582720
582660,Grosse Tränke Wehr OP,Müggelspree,WSV,02.10.2026 12:15,36.86,m+NHN,https://wasserportal.berlin.de/station.php?anzeige=g&thema=wws&station=582660,nicht aktuell,https://wasserportal.berlin.de/station.php?anzeige=i&thema=wws&station=582660
585850,Neuhaus OP,Neuhauser Speisekanal,WSV,02.10.2026 12:00,40.89,m+NHN,https://wasserportal.berlin.de/station.php?anzeige=g&thema=wws&station=585850,nicht aktuell,https://wasserportal.berlin.de/station.php?anzeige=i&thema=wws&station=585850
586050,Woltersdorf UP,Rüdersdorfer Gewässer,WSV,02.10.2026 12:15,32.35,m+NHN,https://wasserportal.berlin.de/station.php?anzeige=g&thema=wws&station=586050,nicht aktuell,https://wasserportal.berlin.de/station.php?anzeige=i&thema=wws&station=586050
603020,Eisenhuettenstadt Schl. UP,Spree-Oder-Wasserstrasse,WSV,02.10.2026 12:15,27.01,m+NHN,https://wasserportal.berlin.de/station.php?anzeige=g&thema=wws&station=603020,nicht aktuell,https://wasserportal.berlin.de/station.php?anzeige=i&thema=wws&station=603020
585920,Wernsdorf OP,Spree-Oder-Wasserstrasse,WSV,02.10.2026 12:15,36.87,m+NHN,https://wasserportal.berlin.de/station.php?anzeige=g&thema=wws&station=585920,nicht aktuell,https://wasserportal.berlin.de/station.php?anzeige=i&thema=wws&station=585920
581550,Liebenwalde UP,Malzer Kanal,WSV,02.10.2026 12:15,37.37,m+NHN,https://wasserportal.berlin.de/station.php?anzeige=g&thema=wws&station=581550,nicht aktuell,https://wasserportal.berlin.de/station.php?anzeige=i&thema=wws&station=581550
581000,Mirow OP,Müritz-Havel-Wasserstrasse,WSV,02.10.2026 12:15,61.86,m+NHN,https://wasserportal.berlin.de/station.php?anzeige=g&thema=wws&station=581000,nicht aktuell,https://wasserportal.berlin.de/station.php?anzeige=i&thema=wws&station=581000
585950,Kersdorf UP,Spree-Oder-Wasserstrasse,WSV,02.10.2026 12:00,38.02,m+NHN,https://wasserportal.berlin.de/station.php?anzeige=g&thema=wws&station=585950,nicht aktuell,https://wasserportal.berlin.de/station.php?anzeige=i&thema=wws&station=585950
585940,Kersdorf OP,Spree-Oder-Wasserstrasse,WSV,02.10.2026 12:00,40.89,m+NHN,https://wasserportal.berlin.de/station.php?anzeige=g&thema=wws&station=585940,nicht aktuell,https://wasserportal.berlin.de/station.php?anzeige=i&thema=wws&station=585940
587020,Kleinmachnow OP,Teltowkanal,WSV,02.10.2026 12:30,32.33,m+NHN,https://wasserportal.berlin.de/station.php?anzeige=g&thema=wws&station=587020,nicht aktuell,https://wasserportal.berlin.de/station.php?anzeige=i&thema=wws&station=587020
5960300,Waren,Müritz-Elde-Wasserstrasse,WSV,02.10.2026 12:15,61.89,m+NHN,https://wasserportal.berlin.de/station.php?anzeige=g&thema=wws&station=5960300,nicht aktuell,https://wasserportal.berlin.de/station.php?anzeige=i&thema=wws&station=5960300
585860,Neuhaus UP,Neuhauser Speisekanal,WSV,02.10.2026 12:15,39.77,m+NHN,https://wasserportal.berlin.de/station.php?anzeige=g&thema=wws&station=585860,nicht aktuell,https://wasserportal.berlin.de/station.php?anzeige=i&thema=wws&station=585860
586610,Berlin-Oberschleuse UP,Landwehrkanal,WSV,02.10.2026 12:15,32.02,m+NHN,https://wasserportal.berlin.de/station.php?anzeige=g&thema=wws&station=586610,nicht aktuell,https://wasserportal.berlin.de/station.php?anzeige=i&thema=wws&station=586610
586280,Neue Mühle Schleuse UP,Dahme-Wasserstrasse,WSV,02.10.2026 12:15,32.34,m+NHN,https://wasserportal.berlin.de/station.php?anzeige=g&thema=wws&station=586280,nicht aktuell,https://wasserportal.berlin.de/station.php?anzeige=i&thema=wws&station=586280
582670,Grosse Tränke Wehr UP,Müggelspree,WSV,02.10.2026 12:15,36.07,m+NHN,https://wasserportal.berlin.de/station.php?anzeige=g&thema=wws&station=582670,nicht aktuell,https://wasserportal.berlin.de/station.php?anzeige=i&thema=wws&station=582670
586630,Berlin-Unterschleuse UP,Landwehrkanal,WSV,02.10.2026 12:15,30.74,m+NHN,https://wasserportal.berlin.de/station.php?anzeige=g&thema=wws&station=586630,nicht aktuell,https://wasserportal.berlin.de/station.php?anzeige=i&thema=wws&station=586630
580430,Ketzin,Untere Havel-Wasserstrasse,WSV,02.10.2026 12:30,28.45,m+NHN,https://wasserportal.berlin.de/station.php?anzeige=g&thema=wws&station=580430,"nicht aktuell, kein Alarm",https://wasserportal.berlin.de/station.php?anzeige=i&thema=wws&station=580430
582750,Berlin-Charlottenburg UP,Spree-Oder-Wasserstrasse,WSV,02.10.2026 12:15,29.33,m+NHN,https://wasserportal.berlin.de/station.php?anzeige=g&thema=wws&station=582750,nicht aktuell,https://wasserportal.berlin.de/station.php?anzeige=i&thema=wws&station=582750
587050,Schönwalde OP,Havelkanal,WSV,02.10.2026 12:30,31.26,m+NHN,https://wasserportal.berlin.de/station.php?anzeige=g&thema=wws&station=587050,nicht aktuell,https://wasserportal.berlin.de/station.php?anzeige=i&thema=wws&station=587050
690050,Eisenhuettenstadt Schl. OP,Spree-Oder-Wasserstrasse,WSV,02.10.2026 12:15,40.92,m+NHN,https://wasserportal.berlin.de/station.php?anzeige=g&thema=wws&station=690050,nicht aktuell,https://wasserportal.berlin.de/station.php?anzeige=i&thema=wws&station=690050
580300,Berlin-Spandau OP,Havel-Oder-Wasserstrasse,WSV,02.10.2026 12:15,31.27,m+NHN,https://wasserportal.berlin.de/station.php?anzeige=g&thema=wws&station=580300,nicht aktuell,https://wasserportal.berlin.de/station.php?anzeige=i&thema=wws&station=580300
582650,Fuerstenwalde UP,Spree-Oder-Wasserstrasse,WSV,02.10.2026 12:15,36.86,m+NHN,https://wasserportal.berlin.de/station.php?anzeige=g&thema=wws&station=582650,nicht aktuell,https://wasserportal.berlin.de/station.php?anzeige=i&thema=wws&station=582650
586640,Berlin-Ploetzensee OP,Berlin-Spandauer-Schifffahrtskanal,WSV,02.10.2026 12:15,31.27,m+NHN,https://wasserportal.berlin.de/station.php?anzeige=g&thema=wws&station=586640,nicht aktuell,https://wasserportal.berlin.de/station.php?anzeige=i&thema=wws&station=586640
