Messstellennummer,Messstellenname,Datum,Entnahmetiefe,Parameterwert,Einheit,_Bestimmungsgrenze,Ganglinie,Klassifikation,stammdaten_link
102,Gosener Graben - Gosener Landstr.,03.08.2026 09:18,0.5 m,20.6,°C,-,https://wasserportal.berlin.de/station.php?anzeige=g&thema=opq&station=102&nstoffid=448,keine,https://wasserportal.berlin.de/station.php?anzeige=i&thema=opq&station=102
105,Dämeritzsee - Seemitte,08.09.2026 11:15,0.5 m,18.8,°C,-,https://wasserportal.berlin.de/station.php?anzeige=g&thema=opq&station=105&nstoffid=448,keine,https://wasserportal.berlin.de/station.php?anzeige=i&thema=opq&station=105
110,Müggelspree - Fähre Rahnsdorf,08.09.2026 10:47,0.5 m,18.8,°C,-,https://wasserportal.berlin.de/station.php?anzeige=g&thema=opq&station=110&nstoffid=448,keine,https://wasserportal.berlin.de/station.php?anzeige=i&thema=opq&station=110
115,Großer Müggelsee - Seemitte,08.09.2026 10:15,0.5 m,19.1,°C,-,https://wasserportal.berlin.de/station.php?anzeige=g&thema=opq&station=115&nstoffid=448,keine,https://wasserportal.berlin.de/station.php?anzeige=i&thema=opq&station=115
120,Spree - Spreetunnel,08.09.2026 09:54,0.5 m,19.0,°C,-,https://wasserportal.berlin.de/station.php?anzeige=g&thema=opq&station=120&nstoffid=448,keine,https://wasserportal.berlin.de/station.php?anzeige=i&thema=opq&station=120
125,Spree - Dammbrücke,08.09.2026 09:32,0.5 m,19.3,°C,-,https://wasserportal.berlin.de/station.php?anzeige=g&thema=opq&station=125&nstoffid=448,keine,https://wasserportal.berlin.de/station.php?anzeige=i&thema=opq&station=125
130,Spree - Fähre Baumschulenweg,07.09.2026 08:56,0.5 m,18.1,°C,-,https://wasserportal.berlin.de/station.php?anzeige=g&thema=opq&station=130&nstoffid=448,keine,https://wasserportal.berlin.de/station.php?anzeige=i&thema=opq&station=130
135,Rummelsburger See - Seemitte,07.09.2026 09:13,0.5 m,19.0,°C,-,https://wasserportal.berlin.de/station.php?anzeige=g&thema=opq&station=135&nstoffid=448,keine,https://wasserportal.berlin.de/station.php?anzeige=i&thema=opq&station=135
140,Spree - Jannowitzbrücke,07.09.2026 09:57,0.5 m,19.3,°C,-,https://wasserportal.berlin.de/station.php?anzeige=g&thema=opq&station=140&nstoffid=448,keine,https://wasserportal.berlin.de/station.php?anzeige=i&thema=opq&station=140
150,Spree -  oh. Mdg. Landwehrkanal,07.09.2026 11:04,0.5 m,19.0,°C,-,https://wasserportal.berlin.de/station.php?anzeige=g&thema=opq&station=150&nstoffid=448,keine,https://wasserportal.berlin.de/station.php?anzeige=i&thema=opq&station=150
160,Spree - Sophienwerder,07.09.2026 12:17,0.5 m,18.8,°C,-,https://wasserportal.berlin.de/station.php?anzeige=g&thema=opq&station=160&nstoffid=448,keine,https://wasserportal.berlin.de/station.php?anzeige=i&thema=opq&station=160
215,Dahme - Schmöckwitzer Brücke,08.09.2026 12:07,0.5 m,19.6,°C,-,https://wasserportal.berlin.de/station.php?anzeige=g&thema=opq&station=215&nstoffid=448,keine,https://wasserportal.berlin.de/station.php?anzeige=i&thema=opq&station=215
220,Seddinsee - Seddinwall,08.09.2026 11:41,0.5 m,19.8,°C,-,https://wasserportal.berlin.de/station.php?anzeige=g&thema=opq&station=220&nstoffid=448,keine,https://wasserportal.berlin.de/station.php?anzeige=i&thema=opq&station=220
225,Langer See - Bammelecke,08.09.2026 12:47,0.5 m,21.2,°C,-,https://wasserportal.berlin.de/station.php?anzeige=g&thema=opq&station=225&nstoffid=448,keine,https://wasserportal.berlin.de/station.php?anzeige=i&thema=opq&station=225
228,Dahme - uh. Teltowkanal,08.09.2026 13:23,0.5 m,20.7,°C,-,https://wasserportal.berlin.de/station.php?anzeige=g&thema=opq&station=228&nstoffid=448,keine,https://wasserportal.berlin.de/station.php?anzeige=i&thema=opq&station=228
230,Dahme - Lange Brücke,08.09.2026 13:39,0.5 m,20.3,°C,-,https://wasserportal.berlin.de/station.php?anzeige=g&thema=opq&station=230&nstoffid=448,keine,https://wasserportal.berlin.de/station.php?anzeige=i&thema=opq&station=230
305,Oberhavel - Konradshöhe,24.08.2026 10:13,0.5 m,20.2,°C,-,https://wasserportal.berlin.de/station.php?anzeige=g&thema=opq&station=305&nstoffid=448,keine,https://wasserportal.berlin.de/station.php?anzeige=i&thema=opq&station=305
311,Tegeler See - Seemitte,14.09.2026 11:08,0.5 m,18.8,°C,-,https://wasserportal.berlin.de/station.php?anzeige=g&thema=opq&station=311&nstoffid=448,keine,https://wasserportal.berlin.de/station.php?anzeige=i&thema=opq&station=311
315,Oberhavel - Höhe Freibad Schäferstraße,24.08.2026 12:51,0.5 m,20.2,°C,-,https://wasserportal.berlin.de/station.php?anzeige=g&thema=opq&station=315&nstoffid=448,keine,https://wasserportal.berlin.de/station.php?anzeige=i&thema=opq&station=315
316,Kuhlake - oh. Kuhlaketeich,24.08.2026 08:52,0.5 m,16.8,°C,-,https://wasserportal.berlin.de/station.php?anzeige=g&thema=opq&station=316&nstoffid=448,keine,https://wasserportal.berlin.de/station.php?anzeige=i&thema=opq&station=316
320,Oberhavel - Schleuse Spandau,24.08.2026 13:01,0.5 m,20.0,°C,-,https://wasserportal.berlin.de/station.php?anzeige=g&thema=opq&station=320&nstoffid=448,keine,https://wasserportal.berlin.de/station.php?anzeige=i&thema=opq&station=320
325,Havel - Pichelsdorfer Gemünd,16.09.2026 08:39,0.5 m,19.0,°C,-,https://wasserportal.berlin.de/station.php?anzeige=g&thema=opq&station=325&nstoffid=448,keine,https://wasserportal.berlin.de/station.php?anzeige=i&thema=opq&station=325
330,Havel - Grunewaldturm,16.09.2026 08:57,0.5 m,19.4,°C,-,https://wasserportal.berlin.de/station.php?anzeige=g&thema=opq&station=330&nstoffid=448,keine,https://wasserportal.berlin.de/station.php?anzeige=i&thema=opq&station=330
340,Havel - oh. Kälberwerder,16.09.2026 11:18,0.5 m,19.1,°C,-,https://wasserportal.berlin.de/station.php?anzeige=g&thema=opq&station=340&nstoffid=448,keine,https://wasserportal.berlin.de/station.php?anzeige=i&thema=opq&station=340
345,Havel - Krughorn,16.09.2026 10:52,0.5 m,18.7,°C,-,https://wasserportal.berlin.de/station.php?anzeige=g&thema=opq&station=345&nstoffid=448,keine,https://wasserportal.berlin.de/station.php?anzeige=i&thema=opq&station=345
350,Großer Wannsee - Höhe Strandbad,16.09.2026 09:28,0.5 m,18.8,°C,-,https://wasserportal.berlin.de/station.php?anzeige=g&thema=opq&station=350&nstoffid=448,keine,https://wasserportal.berlin.de/station.php?anzeige=i&thema=opq&station=350
355,Kleiner Wannsee - Seemitte,16.09.2026 09:49,0.5 m,18.9,°C,-,https://wasserportal.berlin.de/station.php?anzeige=g&thema=opq&station=355&nstoffid=448,keine,https://wasserportal.berlin.de/station.php?anzeige=i&thema=opq&station=355
407,Teltowkanal - oh. Britzer Kreuz,07.09.2026 09:05,0.5 m,18.8,°C,-,https://wasserportal.berlin.de/station.php?anzeige=g&thema=opq&station=407&nstoffid=448,keine,https://wasserportal.berlin.de/station.php?anzeige=i&thema=opq&station=407
410,Teltowkanal - Buschkrugbrücke,05.08.2026 09:09,0.5 m,23.8,°C,-,https://wasserportal.berlin.de/station.php?anzeige=g&thema=opq&station=410&nstoffid=448,keine,https://wasserportal.berlin.de/station.php?anzeige=i&thema=opq&station=410
415,Teltowkanal - uh. Hafen Steglitz,05.08.2026 09:59,0.5 m,24.0,°C,-,https://wasserportal.berlin.de/station.php?anzeige=g&thema=opq&station=415&nstoffid=448,keine,https://wasserportal.berlin.de/station.php?anzeige=i&thema=opq&station=415
420,Teltowkanal - Eugen-Kleine-Brücke,05.08.2026 10:24,0.5 m,24.0,°C,-,https://wasserportal.berlin.de/station.php?anzeige=g&thema=opq&station=420&nstoffid=448,keine,https://wasserportal.berlin.de/station.php?anzeige=i&thema=opq&station=420
430,Teltowkanal - Nathanbrücke,16.09.2026 10:11,0.5 m,19.8,°C,-,https://wasserportal.berlin.de/station.php?anzeige=g&thema=opq&station=430&nstoffid=448,keine,https://wasserportal.berlin.de/station.php?anzeige=i&thema=opq&station=430
505,Neuköllner Schifffahrtskanal - Lohmühlenbrücke,07.09.2026 09:56,0.5 m,18.5,°C,-,https://wasserportal.berlin.de/station.php?anzeige=g&thema=opq&station=505&nstoffid=448,keine,https://wasserportal.berlin.de/station.php?anzeige=i&thema=opq&station=505
510,Landwehrkanal - uh. Möckernbrücke,07.09.2026 10:42,0.5 m,18.5,°C,-,https://wasserportal.berlin.de/station.php?anzeige=g&thema=opq&station=510&nstoffid=448,keine,https://wasserportal.berlin.de/station.php?anzeige=i&thema=opq&station=510
515,Landwehrkanal - Dovebrücke,07.09.2026 11:10,0.5 m,18.7,°C,-,https://wasserportal.berlin.de/station.php?anzeige=g&thema=opq&station=515&nstoffid=448,keine,https://wasserportal.berlin.de/station.php?anzeige=i&thema=opq&station=515
602,Berlin-Spandauer Schifffahrtskanal - Föhrer Brücke,21.09.2026 11:35,0.5 m,17.3,°C,-,https://wasserportal.berlin.de/station.php?anzeige=g&thema=opq&station=602&nstoffid=448,keine,https://wasserportal.berlin.de/station.php?anzeige=i&thema=opq&station=602
605,Hohenzollernkanal - oh. Schleuse Plötzensee,19.06.2019 11:30,0.5 m,25.4,°C,-,https://wasserportal.berlin.de/station.php?anzeige=g&thema=opq&station=605&nstoffid=448,nicht aktuell,https://wasserportal.berlin.de/station.php?anzeige=i&thema=opq&station=605
606,Hohenzollernkanal - Mäckeritzbrücke,16.09.2026 11:37,0.5 m,18.7,°C,-,https://wasserportal.berlin.de/station.php?anzeige=g&thema=opq&station=606&nstoffid=448,keine,https://wasserportal.berlin.de/station.php?anzeige=i&thema=opq&station=606
610,Westhafenkanal - Mörschbrücke,07.09.2026 11:25,0.5 m,18.8,°C,-,https://wasserportal.berlin.de/station.php?anzeige=g&thema=opq&station=610&nstoffid=448,keine,https://wasserportal.berlin.de/station.php?anzeige=i&thema=opq&station=610
710,Neuenhagener Mühlenfließ (Erpe) - Hirschgartenstr.,16.09.2026 08:27,0.5 m,18.6,°C,-,https://wasserportal.berlin.de/station.php?anzeige=g&thema=opq&station=710&nstoffid=448,keine,https://wasserportal.berlin.de/station.php?anzeige=i&thema=opq&station=710
714,Neue Wuhle - Landsberger Allee,15.07.2026 09:27,0.5 m,17.9,°C,-,https://wasserportal.berlin.de/station.php?anzeige=g&thema=opq&station=714&nstoffid=448,keine,https://wasserportal.berlin.de/station.php?anzeige=i&thema=opq&station=714
715,Wuhle - Landsberger Allee,16.04.2026 10:15,0.5 m,9.9,°C,-,https://wasserportal.berlin.de/station.php?anzeige=g&thema=opq&station=715&nstoffid=448,keine,https://wasserportal.berlin.de/station.php?anzeige=i&thema=opq&station=715
718,Wuhle - Cecilienstr.,16.09.2026 09:12,0.5 m,16.3,°C,-,https://wasserportal.berlin.de/station.php?anzeige=g&thema=opq&station=718&nstoffid=448,keine,https://wasserportal.berlin.de/station.php?anzeige=i&thema=opq&station=718
719,Wuhle - Am Bahndamm,16.09.2026 08:07,0.5 m,16.2,°C,-,https://wasserportal.berlin.de/station.php?anzeige=g&thema=opq&station=719&nstoffid=448,keine,https://wasserportal.berlin.de/station.php?anzeige=i&thema=opq&station=719
723,Panke - Bernau,21.09.2026 08:45,0.5 m,14.5,°C,-,https://wasserportal.berlin.de/station.php?anzeige=g&thema=opq&station=723&nstoffid=448,keine,https://wasserportal.berlin.de/station.php?anzeige=i&thema=opq&station=723
725,Panke - Buch,21.09.2026 09:02,0.5 m,14.3,°C,-,https://wasserportal.berlin.de/station.php?anzeige=g&thema=opq&station=725&nstoffid=448,keine,https://wasserportal.berlin.de/station.php?anzeige=i&thema=opq&station=725
728,Panke - Bürgerpark,21.09.2026 10:34,0.5 m,17.0,°C,-,https://wasserportal.berlin.de/station.php?anzeige=g&thema=opq&station=728&nstoffid=448,keine,https://wasserportal.berlin.de/station.php?anzeige=i&thema=opq&station=728
729,Panke - uh. Schönwalder Straße,21.09.2026 11:12,0.5 m,16.8,°C,-,https://wasserportal.berlin.de/station.php?anzeige=g&thema=opq&station=729&nstoffid=448,keine,https://wasserportal.berlin.de/station.php?anzeige=i&thema=opq&station=729
730,Panke - Nordhafen Vorbecken,19.12.2016 09:05,0.5 m,9.7,°C,-,https://wasserportal.berlin.de/station.php?anzeige=g&thema=opq&station=730&nstoffid=448,nicht aktuell,https://wasserportal.berlin.de/station.php?anzeige=i&thema=opq&station=730
740,Lietzengraben - Hobrechtsfelder Str.,21.09.2026 09:25,0.5 m,13.7,°C,-,https://wasserportal.berlin.de/station.php?anzeige=g&thema=opq&station=740&nstoffid=448,keine,https://wasserportal.berlin.de/station.php?anzeige=i&thema=opq&station=740
741,Laake - Freischützstr.,21.09.2026 09:42,0.5 m,13.4,°C,-,https://wasserportal.berlin.de/station.php?anzeige=g&thema=opq&station=741&nstoffid=448,keine,https://wasserportal.berlin.de/station.php?anzeige=i&thema=opq&station=741
742,Malchower Fließgraben - Parkstr.,21.09.2026 09:55,0.5 m,14.1,°C,-,https://wasserportal.berlin.de/station.php?anzeige=g&thema=opq&station=742&nstoffid=448,keine,https://wasserportal.berlin.de/station.php?anzeige=i&thema=opq&station=742
803,Tegeler Fließ - Mühlenbeck,27.05.2026 11:37,0.5 m,20.6,°C,-,https://wasserportal.berlin.de/station.php?anzeige=g&thema=opq&station=803&nstoffid=448,keine,https://wasserportal.berlin.de/station.php?anzeige=i&thema=opq&station=803
805,Tegeler Fließ - Schildow,27.05.2026 11:56,0.5 m,20.7,°C,-,https://wasserportal.berlin.de/station.php?anzeige=g&thema=opq&station=805&nstoffid=448,keine,https://wasserportal.berlin.de/station.php?anzeige=i&thema=opq&station=805
807,Tegeler Fließ - Lübars,27.05.2026 12:23,0.5 m,21.5,°C,-,https://wasserportal.berlin.de/station.php?anzeige=g&thema=opq&station=807&nstoffid=448,keine,https://wasserportal.berlin.de/station.php?anzeige=i&thema=opq&station=807
815,Nordgraben - Bollesteg,16.09.2026 11:08,0.5 m,19.1,°C,-,https://wasserportal.berlin.de/station.php?anzeige=g&thema=opq&station=815&nstoffid=448,keine,https://wasserportal.berlin.de/station.php?anzeige=i&thema=opq&station=815
