Messstellennummer,Messstellenname,Gewaesser,Betreiber,Datum,Wassertemperatur,Einheit,Ganglinie,Klassifikation,stammdaten_link
601,MPS Berlin-Spandauer-Schifffahrtskanal,Berlin-Spandauer-Schifffahrtskanal,Land Berlin,22.06.2026 07:00,22.10,°C,https://wasserportal.berlin.de/station.php?anzeige=g&thema=owt&station=601,>20 - 25°C,https://wasserportal.berlin.de/station.php?anzeige=i&thema=owt&station=601
151,MPS Caprivibrücke,Spree,Land Berlin,22.06.2026 07:00,22.53,°C,https://wasserportal.berlin.de/station.php?anzeige=g&thema=owt&station=151,>20 - 25°C,https://wasserportal.berlin.de/station.php?anzeige=i&thema=owt&station=151
153,MPS Charlottenburg,Spree,Land Berlin,27.10.2025 23:45,10.10,°C,https://wasserportal.berlin.de/station.php?anzeige=g&thema=owt&station=153,inaktiv,https://wasserportal.berlin.de/station.php?anzeige=i&thema=owt&station=153
139,MPS Fischerinsel,Spree,Land Berlin,22.06.2026 07:00,22.89,°C,https://wasserportal.berlin.de/station.php?anzeige=g&thema=owt&station=139,>20 - 25°C,https://wasserportal.berlin.de/station.php?anzeige=i&thema=owt&station=139
509,MPS Landwehrkanal,Landwehrkanal,Land Berlin,22.06.2026 07:00,22.99,°C,https://wasserportal.berlin.de/station.php?anzeige=g&thema=owt&station=509,>20 - 25°C,https://wasserportal.berlin.de/station.php?anzeige=i&thema=owt&station=509
504,MPS Neuköllner Schifffahrtskanal,Neuköllner Schifffahrtskanal,Land Berlin,22.06.2026 07:00,22.97,°C,https://wasserportal.berlin.de/station.php?anzeige=g&thema=owt&station=504,>20 - 25°C,https://wasserportal.berlin.de/station.php?anzeige=i&thema=owt&station=504
414,MPS Teltowkanal,Teltowkanal,Land Berlin,19.04.2026 10:00,13.89,°C,https://wasserportal.berlin.de/station.php?anzeige=g&thema=owt&station=414,nicht aktuell,https://wasserportal.berlin.de/station.php?anzeige=i&thema=owt&station=414
141,MS Mühlendammschleuse,Spree,Land Berlin,02.07.2025 10:00,23.92,°C,https://wasserportal.berlin.de/station.php?anzeige=g&thema=owt&station=141,inaktiv,https://wasserportal.berlin.de/station.php?anzeige=i&thema=owt&station=141
111,MS Rahnsdorf,Müggelspree,Land Berlin,22.06.2026 07:00,22.74,°C,https://wasserportal.berlin.de/station.php?anzeige=g&thema=owt&station=111,>20 - 25°C,https://wasserportal.berlin.de/station.php?anzeige=i&thema=owt&station=111
211,MS Schmöckwitz,Dahme,Land Berlin,22.06.2026 07:00,23.40,°C,https://wasserportal.berlin.de/station.php?anzeige=g&thema=owt&station=211,>20 - 25°C,https://wasserportal.berlin.de/station.php?anzeige=i&thema=owt&station=211
161,MS Sophienwerder,Spree,Land Berlin,22.06.2026 07:30,22.89,°C,https://wasserportal.berlin.de/station.php?anzeige=g&thema=owt&station=161,>20 - 25°C,https://wasserportal.berlin.de/station.php?anzeige=i&thema=owt&station=161
421,MS Teltow-Werft,Teltowkanal,Land Berlin,22.06.2026 07:00,23.49,°C,https://wasserportal.berlin.de/station.php?anzeige=g&thema=owt&station=421,>20 - 25°C,https://wasserportal.berlin.de/station.php?anzeige=i&thema=owt&station=421
5865900,Allee der Kosmonauten,M.-H.-Grenzgr.,Land Berlin,22.06.2026 07:45,20.70,°C,https://wasserportal.berlin.de/station.php?anzeige=g&thema=owt&station=5865900,>20 - 25°C,https://wasserportal.berlin.de/station.php?anzeige=i&thema=owt&station=5865900
5870400,Alsenbrücke,Griebnitzkanal,Land Berlin,12.06.2026 12:00,19.90,°C,https://wasserportal.berlin.de/station.php?anzeige=g&thema=owt&station=5870400,nicht aktuell,https://wasserportal.berlin.de/station.php?anzeige=i&thema=owt&station=5870400
5865300,Am Bahndamm,Wuhle,Land Berlin,24.01.2023 07:00,5.60,°C,https://wasserportal.berlin.de/station.php?anzeige=g&thema=owt&station=5865300,inaktiv,https://wasserportal.berlin.de/station.php?anzeige=i&thema=owt&station=5865300
5861101,Am Reitweg,Neuenhagener Mühlenfließ,Land Berlin,22.06.2026 07:45,19.80,°C,https://wasserportal.berlin.de/station.php?anzeige=g&thema=owt&station=5861101,>15 - 20°C,https://wasserportal.berlin.de/station.php?anzeige=i&thema=owt&station=5861101
5800107,Am Wolfsschluchtkanal,Krumme Lanke,Land Berlin,22.06.2026 07:45,23.30,°C,https://wasserportal.berlin.de/station.php?anzeige=g&thema=owt&station=5800107,>20 - 25°C,https://wasserportal.berlin.de/station.php?anzeige=i&thema=owt&station=5800107
5800317,Biesdorfer Baggersee,Biesdorfer Baggersee,Land Berlin,22.06.2026 04:30,22.80,°C,https://wasserportal.berlin.de/station.php?anzeige=g&thema=owt&station=5800317,>20 - 25°C,https://wasserportal.berlin.de/station.php?anzeige=i&thema=owt&station=5800317
5867003,Blankenfelde,Blankenfelder Graben,Land Berlin,22.06.2026 05:00,21.50,°C,https://wasserportal.berlin.de/station.php?anzeige=g&thema=owt&station=5867003,>20 - 25°C,https://wasserportal.berlin.de/station.php?anzeige=i&thema=owt&station=5867003
5867401,Bürgerpark,Panke,Land Berlin,12.06.2026 12:00,17.20,°C,https://wasserportal.berlin.de/station.php?anzeige=g&thema=owt&station=5867401,nicht aktuell,https://wasserportal.berlin.de/station.php?anzeige=i&thema=owt&station=5867401
5800301,Dianasee,Dianasee,Land Berlin,22.06.2026 07:45,20.40,°C,https://wasserportal.berlin.de/station.php?anzeige=g&thema=owt&station=5800301,>20 - 25°C,https://wasserportal.berlin.de/station.php?anzeige=i&thema=owt&station=5800301
5800302,Dreipfuhl,Dreipfuhl,Land Berlin,22.06.2026 05:00,23.60,°C,https://wasserportal.berlin.de/station.php?anzeige=g&thema=owt&station=5800302,>20 - 25°C,https://wasserportal.berlin.de/station.php?anzeige=i&thema=owt&station=5800302
5867900,Eisenbahnbrücke,Nordgraben,Land Berlin,12.06.2026 12:00,17.40,°C,https://wasserportal.berlin.de/station.php?anzeige=g&thema=owt&station=5867900,nicht aktuell,https://wasserportal.berlin.de/station.php?anzeige=i&thema=owt&station=5867900
5867601,Eisstadion,Panke,Land Berlin,22.06.2026 07:35,20.20,°C,https://wasserportal.berlin.de/station.php?anzeige=g&thema=owt&station=5867601,>20 - 25°C,https://wasserportal.berlin.de/station.php?anzeige=i&thema=owt&station=5867601
5827101,Fähre Rahnsdorf,Müggelspree,Land Berlin,12.06.2026 12:00,20.80,°C,https://wasserportal.berlin.de/station.php?anzeige=g&thema=owt&station=5827101,nicht aktuell,https://wasserportal.berlin.de/station.php?anzeige=i&thema=owt&station=5827101
5800320,Fennpfuhl,Fennpfuhl,Land Berlin,22.06.2026 05:00,22.00,°C,https://wasserportal.berlin.de/station.php?anzeige=g&thema=owt&station=5800320,>20 - 25°C,https://wasserportal.berlin.de/station.php?anzeige=i&thema=owt&station=5800320
5867101,Flaischlenstraße,Laake,Land Berlin,22.06.2026 07:45,18.70,°C,https://wasserportal.berlin.de/station.php?anzeige=g&thema=owt&station=5867101,>15 - 20°C,https://wasserportal.berlin.de/station.php?anzeige=i&thema=owt&station=5867101
5800303,Flughafensee,Flughafensee,Land Berlin,22.06.2026 05:00,22.70,°C,https://wasserportal.berlin.de/station.php?anzeige=g&thema=owt&station=5800303,>20 - 25°C,https://wasserportal.berlin.de/station.php?anzeige=i&thema=owt&station=5800303
5800305,Groß Glienicker See,Groß Glienicker See,Land Berlin,22.06.2026 06:00,22.60,°C,https://wasserportal.berlin.de/station.php?anzeige=g&thema=owt&station=5800305,>20 - 25°C,https://wasserportal.berlin.de/station.php?anzeige=i&thema=owt&station=5800305
5800304,Grunewaldsee,Fenngraben,Land Berlin,22.06.2026 03:30,23.40,°C,https://wasserportal.berlin.de/station.php?anzeige=g&thema=owt&station=5800304,>20 - 25°C,https://wasserportal.berlin.de/station.php?anzeige=i&thema=owt&station=5800304
5800306,Halensee,Halensee,Land Berlin,22.06.2026 05:00,23.60,°C,https://wasserportal.berlin.de/station.php?anzeige=g&thema=owt&station=5800306,>20 - 25°C,https://wasserportal.berlin.de/station.php?anzeige=i&thema=owt&station=5800306
5867300,Heinersdorf,Panke,Land Berlin,22.06.2026 05:00,20.70,°C,https://wasserportal.berlin.de/station.php?anzeige=g&thema=owt&station=5867300,>20 - 25°C,https://wasserportal.berlin.de/station.php?anzeige=i&thema=owt&station=5867300
5864700,Hellersdorf,Wuhle,Land Berlin,22.06.2026 05:00,18.80,°C,https://wasserportal.berlin.de/station.php?anzeige=g&thema=owt&station=5864700,>15 - 20°C,https://wasserportal.berlin.de/station.php?anzeige=i&thema=owt&station=5864700
5865000,Honsfelder Brücke,Wuhle,Land Berlin,14.06.2026 14:00,15.70,°C,https://wasserportal.berlin.de/station.php?anzeige=g&thema=owt&station=5865000,nicht aktuell,https://wasserportal.berlin.de/station.php?anzeige=i&thema=owt&station=5865000
5865200,Hoppendorfer Straße,Wuhle,Land Berlin,12.06.2026 12:00,14.30,°C,https://wasserportal.berlin.de/station.php?anzeige=g&thema=owt&station=5865200,nicht aktuell,https://wasserportal.berlin.de/station.php?anzeige=i&thema=owt&station=5865200
5800308,Hundekehlesee,Hundekehlesee,Land Berlin,22.06.2026 05:00,23.50,°C,https://wasserportal.berlin.de/station.php?anzeige=g&thema=owt&station=5800308,>20 - 25°C,https://wasserportal.berlin.de/station.php?anzeige=i&thema=owt&station=5800308
5800321,Jungfernheideteich,Jungfernheideteich,Land Berlin,22.06.2026 05:00,23.50,°C,https://wasserportal.berlin.de/station.php?anzeige=g&thema=owt&station=5800321,>20 - 25°C,https://wasserportal.berlin.de/station.php?anzeige=i&thema=owt&station=5800321
5867100,Krontaler Straße,Panke,Land Berlin,22.06.2026 07:45,18.50,°C,https://wasserportal.berlin.de/station.php?anzeige=g&thema=owt&station=5867100,>15 - 20°C,https://wasserportal.berlin.de/station.php?anzeige=i&thema=owt&station=5867100
5869700,Krummendammbrücke,Neuenhagener Mühlenfließ,Land Berlin,22.06.2026 05:00,19.80,°C,https://wasserportal.berlin.de/station.php?anzeige=g&thema=owt&station=5869700,>15 - 20°C,https://wasserportal.berlin.de/station.php?anzeige=i&thema=owt&station=5869700
5867500,Kühnemannstraße,Panke,Land Berlin,22.06.2026 07:45,20.20,°C,https://wasserportal.berlin.de/station.php?anzeige=g&thema=owt&station=5867500,>20 - 25°C,https://wasserportal.berlin.de/station.php?anzeige=i&thema=owt&station=5867500
5870100,Lichterfelde,Teltowkanal,Land Berlin,22.06.2026 07:45,22.40,°C,https://wasserportal.berlin.de/station.php?anzeige=g&thema=owt&station=5870100,>20 - 25°C,https://wasserportal.berlin.de/station.php?anzeige=i&thema=owt&station=5870100
5800309,Lietzensee,Lietzensee,Land Berlin,22.06.2026 05:00,22.30,°C,https://wasserportal.berlin.de/station.php?anzeige=g&thema=owt&station=5800309,>20 - 25°C,https://wasserportal.berlin.de/station.php?anzeige=i&thema=owt&station=5800309
5819901,Lübars,Tegeler Fließ,Land Berlin,22.06.2026 07:00,21.50,°C,https://wasserportal.berlin.de/station.php?anzeige=g&thema=owt&station=5819901,>20 - 25°C,https://wasserportal.berlin.de/station.php?anzeige=i&thema=owt&station=5819901
5800318,Malchower See,Malchower See,Land Berlin,21.06.2026 17:00,22.90,°C,https://wasserportal.berlin.de/station.php?anzeige=g&thema=owt&station=5800318,>20 - 25°C,https://wasserportal.berlin.de/station.php?anzeige=i&thema=owt&station=5800318
5826701,Neue Fahlenbergbrücke,Gosener Kanal,Land Berlin,22.06.2026 07:45,23.60,°C,https://wasserportal.berlin.de/station.php?anzeige=g&thema=owt&station=5826701,>20 - 25°C,https://wasserportal.berlin.de/station.php?anzeige=i&thema=owt&station=5826701
5866403,Nonnengraben,Nonnengraben,Land Berlin,17.06.2026 08:00,18.90,°C,https://wasserportal.berlin.de/station.php?anzeige=g&thema=owt&station=5866403,nicht aktuell,https://wasserportal.berlin.de/station.php?anzeige=i&thema=owt&station=5866403
5800315,Obersee,Obersee,Land Berlin,22.06.2026 04:15,23.75,°C,https://wasserportal.berlin.de/station.php?anzeige=g&thema=owt&station=5800315,>20 - 25°C,https://wasserportal.berlin.de/station.php?anzeige=i&thema=owt&station=5800315
5800316,Orankesee,Orankesee,Land Berlin,22.06.2026 04:30,23.60,°C,https://wasserportal.berlin.de/station.php?anzeige=g&thema=owt&station=5800316,>20 - 25°C,https://wasserportal.berlin.de/station.php?anzeige=i&thema=owt&station=5800316
5867700,Pasewalker Brücke,Nordgraben,Land Berlin,22.06.2026 07:45,20.80,°C,https://wasserportal.berlin.de/station.php?anzeige=g&thema=owt&station=5867700,>20 - 25°C,https://wasserportal.berlin.de/station.php?anzeige=i&thema=owt&station=5867700
5803500,Pfaueninsel,Havel,Land Berlin,18.06.2026 20:00,2.20,°C,https://wasserportal.berlin.de/station.php?anzeige=g&thema=owt&station=5803500,nicht aktuell,https://wasserportal.berlin.de/station.php?anzeige=i&thema=owt&station=5803500
5800312,Plötzensee,Plötzensee,Land Berlin,22.06.2026 04:30,23.33,°C,https://wasserportal.berlin.de/station.php?anzeige=g&thema=owt&station=5800312,>20 - 25°C,https://wasserportal.berlin.de/station.php?anzeige=i&thema=owt&station=5800312
5867000,Röntgental,Panke,Land Berlin,22.06.2026 07:45,16.00,°C,https://wasserportal.berlin.de/station.php?anzeige=g&thema=owt&station=5867000,>15 - 20°C,https://wasserportal.berlin.de/station.php?anzeige=i&thema=owt&station=5867000
5800106,Schäfersee,Schäfersee,Land Berlin,22.06.2026 07:00,23.70,°C,https://wasserportal.berlin.de/station.php?anzeige=g&thema=owt&station=5800106,>20 - 25°C,https://wasserportal.berlin.de/station.php?anzeige=i&thema=owt&station=5800106
5866700,Schleuse Neukölln OP,Neuk. Schifffahrtskanal,Land Berlin,22.06.2026 05:00,22.39,°C,https://wasserportal.berlin.de/station.php?anzeige=g&thema=owt&station=5866700,>20 - 25°C,https://wasserportal.berlin.de/station.php?anzeige=i&thema=owt&station=5866700
5866800,Schleuse Neukölln UP,Neuk. Schifffahrtskanal,Land Berlin,22.06.2026 04:30,22.30,°C,https://wasserportal.berlin.de/station.php?anzeige=g&thema=owt&station=5866800,>20 - 25°C,https://wasserportal.berlin.de/station.php?anzeige=i&thema=owt&station=5866800
5867600,Schönwalder Str.,Panke,Land Berlin,22.06.2026 07:45,20.00,°C,https://wasserportal.berlin.de/station.php?anzeige=g&thema=owt&station=5867600,>15 - 20°C,https://wasserportal.berlin.de/station.php?anzeige=i&thema=owt&station=5867600
5820000,St.-Joseph-Steg,Tegeler Fließ,Land Berlin,31.08.2025 23:45,16.50,°C,https://wasserportal.berlin.de/station.php?anzeige=g&thema=owt&station=5820000,inaktiv,https://wasserportal.berlin.de/station.php?anzeige=i&thema=owt&station=5820000
5803200,Tiefwerder,Havel,Land Berlin,12.06.2026 12:00,19.30,°C,https://wasserportal.berlin.de/station.php?anzeige=g&thema=owt&station=5803200,nicht aktuell,https://wasserportal.berlin.de/station.php?anzeige=i&thema=owt&station=5803200
5867301,Venturigerinne,Malchower Fließgraben,Land Berlin,22.06.2026 05:00,19.70,°C,https://wasserportal.berlin.de/station.php?anzeige=g&thema=owt&station=5867301,>15 - 20°C,https://wasserportal.berlin.de/station.php?anzeige=i&thema=owt&station=5867301
5867201,Verteiler OP,Panke,Land Berlin,22.06.2026 07:45,21.10,°C,https://wasserportal.berlin.de/station.php?anzeige=g&thema=owt&station=5867201,>20 - 25°C,https://wasserportal.berlin.de/station.php?anzeige=i&thema=owt&station=5867201
5867202,Verteiler UP,Panke,Land Berlin,22.06.2026 07:45,20.80,°C,https://wasserportal.berlin.de/station.php?anzeige=g&thema=owt&station=5867202,>20 - 25°C,https://wasserportal.berlin.de/station.php?anzeige=i&thema=owt&station=5867202
5800310,Waldsee Zehlendorf,Waldsee Zehlendorf,Land Berlin,22.06.2026 05:00,23.10,°C,https://wasserportal.berlin.de/station.php?anzeige=g&thema=owt&station=5800310,>20 - 25°C,https://wasserportal.berlin.de/station.php?anzeige=i&thema=owt&station=5800310
5861200,Wiesengrund,Neuenhagener Mühlenfließ,Land Berlin,22.06.2026 07:00,19.50,°C,https://wasserportal.berlin.de/station.php?anzeige=g&thema=owt&station=5861200,>15 - 20°C,https://wasserportal.berlin.de/station.php?anzeige=i&thema=owt&station=5861200
5864800,Wuhletal,Wuhle,Land Berlin,22.06.2026 07:00,21.00,°C,https://wasserportal.berlin.de/station.php?anzeige=g&thema=owt&station=5864800,>20 - 25°C,https://wasserportal.berlin.de/station.php?anzeige=i&thema=owt&station=5864800
5866301,Zoo,Landwehrkanal,Land Berlin,12.06.2026 12:15,22.50,°C,https://wasserportal.berlin.de/station.php?anzeige=g&thema=owt&station=5866301,nicht aktuell,https://wasserportal.berlin.de/station.php?anzeige=i&thema=owt&station=5866301
SP_0150,Beeskow,Spree,Land Brandenburg,k. A.,k. A.,k. A.,NA,keine,https://lfu.brandenburg.de/lfu/de/aufgaben/wasser/fliessgewaesser-und-seen/gewaesserueberwachung/wasserguetemessnetz/beeskow/
TK_0025,Kleinmachnow,Teltowkanal,Land Brandenburg,k. A.,k. A.,k. A.,NA,keine,https://lfu.brandenburg.de/lfu/de/aufgaben/wasser/fliessgewaesser-und-seen/gewaesserueberwachung/wasserguetemessnetz/kleinmachnow/
SP_0130,Leibsch,Spree,Land Brandenburg,k. A.,k. A.,k. A.,NA,keine,https://lfu.brandenburg.de/lfu/de/aufgaben/wasser/fliessgewaesser-und-seen/gewaesserueberwachung/wasserguetemessnetz/leibsch/
SP_0050,Neuhausen,Spree,Land Brandenburg,k. A.,k. A.,k. A.,NA,keine,https://lfu.brandenburg.de/lfu/de/aufgaben/wasser/fliessgewaesser-und-seen/gewaesserueberwachung/wasserguetemessnetz/neuhausen/
HV_0110,Potsdam,Havel,Land Brandenburg,k. A.,k. A.,k. A.,NA,keine,https://lfu.brandenburg.de/lfu/de/aufgaben/wasser/fliessgewaesser-und-seen/gewaesserueberwachung/wasserguetemessnetz/potsdam/
SP_0020,Spremberg,Spree,Land Brandenburg,k. A.,k. A.,k. A.,NA,keine,https://lfu.brandenburg.de/lfu/de/aufgaben/wasser/fliessgewaesser-und-seen/gewaesserueberwachung/wasserguetemessnetz/spremberg/
