Messstellennummer,Datum,Parameter,Einheit,Messwert
10421,2014-12-15,Temperatur (Luft),grd Celsius],5
10421,2014-12-15,pH-Wert (Feld),ohne Einheit],7.4
10421,2014-12-15,Temperatur (Wasser),grd C],10.6
10421,2014-12-15,gelotete ET unter ROK,m unter ROK],18.06
10421,2014-12-15,Leitfähigkeit 25°C vor Ort,µS/cm],1435.8
10421,2014-12-15,Wasserst.(ROK) vor,m],2.42
10421,2014-12-15,Entnahmeteufe (ROK),m unter ROK],4
10421,2014-12-15,Förderrate,l/s],0.36
10421,2014-12-15,Chlorid,mg/l],77.4
10421,2014-12-15,Fluorid,mg/l],0.3
10421,2014-12-15,Nitrit (N),mg/l N],-0.01
10421,2014-12-15,Nitrat (N),mg/l N],-0.1
10421,2014-12-15,Ortho-Phosphat (P),mg/l P],0.05
10421,2014-12-15,Sulfid,mg/l],-0.04
10421,2014-12-15,Sulfat,mg/l],240
10421,2014-12-15,Cyanide (ges.),mg/l],-0
10421,2014-12-15,Bromid,mg/l],0.1
10421,2014-12-15,Nitrit,mg/l],-0.03
10421,2014-12-15,Nitrat,mg/l],-0.44
10421,2014-12-15,Ortho-Phosphat,mg/l],0.15
10421,2014-12-15,Ammonium (N),mg/l N],-0.1
10421,2014-12-15,Eisen-2,mg/l],0.87
10421,2014-12-15,Eisen (ges.),mg/l],1.79
10421,2014-12-15,Kalium,mg/l],2.8
10421,2014-12-15,Kalzium,mg/l],174
10421,2014-12-15,Magnesium,mg/l],20.9
10421,2014-12-15,Natrium,mg/l],33.3
10421,2014-12-15,Ammonium,mg/l],-0.13
10421,2014-12-15,Leitfähigkeit /Lab. bei 25°C,µS/cm],1026
10421,2014-12-15,CSV (KMNO4),mg/l O2],6.9
10421,2014-12-15,Basenkap. bis 8.2,mmol/l],0.7
10421,2014-12-15,Säure-Kap. bis 4.3,mmol/l],5
10421,2014-12-15,Kohlenstoff (organ.),mg/l C],4.87
10421,2014-12-15,pH-Wert /Lab.,ohne Einheit],7.27
10421,2014-12-15,Gesamthärte,mmol/l],29.06
10421,2014-12-15,Karbonathärte,mmol/l],7
10421,2014-12-15,AOX,µg/l],-10
10421,2014-12-15,Phenolindex (ges.),µg/l],-10
10421,2014-12-15,Arsen,µg/l],-10
10421,2014-12-15,Barium,µg/l],91.2
10421,2014-12-15,Blei,µg/l],6.9
10421,2014-12-15,Bor,µg/l],46.9
10421,2014-12-15,Cadmium,µg/l],-0.6
10421,2014-12-15,Chrom,µg/l],-1
10421,2014-12-15,Antimon,µg/l],-5
10421,2014-12-15,Chrom VI,µg/l],-5
10421,2014-12-15,Nickel,µg/l],-2
10421,2014-12-15,Quecksilber,µg/l],-0.05
10421,2014-12-15,Zink,µg/l],-0.2
10421,2014-12-15,Vanadium,µg/l],-5
10421,2014-12-15,Uran,µg/l],1.7
10421,2014-12-15,Silber,µg/l],-0.7
10421,2014-12-15,Zinn,µg/l],-5
10421,2014-12-15,Summe Na+Cl,mg/l],110.7
10421,2019-06-26,Temperatur (Luft),grd Celsius],26
10421,2019-06-26,pH-Wert (Feld),ohne Einheit],7.5
10421,2019-06-26,Temperatur (Wasser),grd C],11.2
10421,2019-06-26,Leitfähigkeit 25°C vor Ort,µS/cm],516
10421,2019-06-26,Wasserst.(ROK) vor,m],2.5
10421,2019-06-26,Wasserst.(ROK) nach,m],2.75
10421,2019-06-26,Entnahmeteufe (ROK),m unter ROK],4
10421,2019-06-26,Förderrate,l/s],0.5
10421,2019-06-26,Redox Pumpbeginn,mV],296
10421,2019-06-26,O2-Gehalt Pumpbeg.,mg/l],0
10421,2019-06-26,Redox Pumpende,mV],37
10421,2019-06-26,pH Pumpende,ohne Einheit],7.4
10421,2019-06-26,O2-Gehalt Pumpende,mg/l],0
10421,2019-06-26,Chlorid,mg/l],75
10421,2019-06-26,Fluorid,mg/l],0.23
10421,2019-06-26,Hydrogenkarbonat,mg/l],254.4
10421,2019-06-26,Nitrit (N),mg/l N],-0.01
10421,2019-06-26,Nitrat (N),mg/l N],-0.02
10421,2019-06-26,Ortho-Phosphat (P),mg/l P],-0.01
10421,2019-06-26,Sulfat,mg/l],219
10421,2019-06-26,Cyanide (ges.),mg/l],-0
10421,2019-06-26,Bromid,mg/l],0.1
10421,2019-06-26,Nitrit,mg/l],-0.03
10421,2019-06-26,Nitrat,mg/l],-0.09
10421,2019-06-26,Ortho-Phosphat,mg/l],-0.03
10421,2019-06-26,Ammonium (N),mg/l N],0.02
10421,2019-06-26,Eisen-2,mg/l],1.41
10421,2019-06-26,Eisen (ges.),mg/l],1.4
10421,2019-06-26,Kalium,mg/l],2.68
10421,2019-06-26,Kalzium,mg/l],157
10421,2019-06-26,Magnesium,mg/l],19.6
10421,2019-06-26,Natrium,mg/l],29
10421,2019-06-26,Mangan,mg/l],0.08
10421,2019-06-26,Ammonium,mg/l],0.03
10421,2019-06-26,Leitfähigkeit /Lab. bei 25°C,µS/cm],1011
10421,2019-06-26,UV-Adsorption (254),1/m],2.7
10421,2019-06-26,CSV (KMNO4),mg/l O2],-0.5
10421,2019-06-26,Basenkap. bis 8.2,mmol/l],0.47
10421,2019-06-26,Säure-Kap. bis 4.3,mmol/l],4.17
10421,2019-06-26,Kohlenstoff (organ.),mg/l C],1.4
10421,2019-06-26,pH-Wert /Lab.,ohne Einheit],7.2
10421,2019-06-26,Gesamthärte,mmol/l],4.73
10421,2019-06-26,Karbonathärte,mmol/l],2.09
10421,2019-06-26,AOX,µg/l],-10
10421,2019-06-26,Phenolindex (ges.),µg/l],-10
10421,2019-06-26,LHKW (Summe),µg/l],-0.1
10421,2019-06-26,BTXE (Summe),µg/l],-0.1
10421,2019-06-26,Arsen,µg/l],1.1
10421,2019-06-26,Barium,µg/l],89
10421,2019-06-26,Blei,µg/l],0.15
10421,2019-06-26,Bor,µg/l],23
10421,2019-06-26,Cadmium,µg/l],-0.03
10421,2019-06-26,Chrom,µg/l],0.1
10421,2019-06-26,Kupfer,µg/l],0.16
10421,2019-06-26,Aluminium-gelöst,µg/l],2.5
10421,2019-06-26,Molybdän,µg/l],1
10421,2019-06-26,Nickel,µg/l],0.15
10421,2019-06-26,Quecksilber,µg/l],-0.01
10421,2019-06-26,Selen,µg/l],-0.9
10421,2019-06-26,Zink,µg/l],2.7
10421,2019-06-26,Vanadium,µg/l],-0.1
10421,2019-06-26,Thallium,µg/l],-0.05
10421,2019-06-26,Uran,µg/l],-0.05
10421,2019-06-26,Dichlormethan,µg/l],-0.1
10421,2019-06-26,Trichlormethan,µg/l],-0.1
10421,2019-06-26,Tetrachlormethan,µg/l],-0.1
10421,2019-06-26,"1,2-Dichlorethan",µg/l],-0.1
10421,2019-06-26,"cis-1,2-Dichloreth.",µg/l],-0.1
10421,2019-06-26,"1,1,1-Tri-Cl-Ethan",µg/l],-0.1
10421,2019-06-26,Trichlorethen,µg/l],-0.1
10421,2019-06-26,Tetrachlorethen,µg/l],-0.1
10421,2019-06-26,Vinylchlorid,µg/l],-0.1
10421,2019-06-26,"trans-1,2-Dichloret.",µg/l],-0.1
10421,2019-06-26,Benzen,µg/l],-0.1
10421,2019-06-26,Ethylbenzen,µg/l],-0.1
10421,2019-06-26,Toluen,µg/l],-0.1
10421,2019-06-26,Xylen (meta/para),µg/l],-0.1
10421,2019-06-26,Xylen (ortho),µg/l],-0.1
10421,2019-06-26,Cumol,µg/l],-0.1
10421,2019-06-26,Naphtalin,µg/l],-0.01
10421,2019-06-26,Acenaphthylen,µg/l],-0.01
10421,2019-06-26,Acenaphthen,µg/l],0
10421,2019-06-26,Fluoren,µg/l],-0
10421,2019-06-26,Phenanthren,µg/l],-0
10421,2019-06-26,Anthracen,µg/l],-0.01
10421,2019-06-26,Fluoranthen,µg/l],-0
10421,2019-06-26,Pyren,µg/l],-0
10421,2019-06-26,Benz-a-Anthracen,µg/l],-0
10421,2019-06-26,Chrysen,µg/l],-0
10421,2019-06-26,Benz-b-Fluoranthen,µg/l],-0
10421,2019-06-26,Benz-k-Fluoranthen,µg/l],-0
10421,2019-06-26,Benz-a-Pyren,µg/l],-0
10421,2019-06-26,"Dibenz-a,h-Anthracen",µg/l],-0
10421,2019-06-26,"Benz-g,h,i-Perylen",µg/l],-0
10421,2019-06-26,"Indeno-1,2,3-cd-Pyr.",µg/l],-0
10421,2019-06-26,Summe Na+Cl,mg/l],104
10421,2019-06-26,Ionenbilanz (Labor),ohne Einheit],0
10421,2019-10-16,Temperatur (Luft),grd Celsius],13
10421,2019-10-16,pH-Wert (Feld),ohne Einheit],7.1
10421,2019-10-16,Temperatur (Wasser),grd C],11.4
10421,2019-10-16,Leitfähigkeit 25°C vor Ort,µS/cm],1030
10421,2019-10-16,Wasserst.(ROK) vor,m],2.51
10421,2019-10-16,Wasserst.(ROK) nach,m],2.6
10421,2019-10-16,Entnahmeteufe (ROK),m unter ROK],4
10421,2019-10-16,Förderrate,l/s],0.25
10421,2019-10-16,Redox Pumpbeginn,mV],313
10421,2019-10-16,O2-Gehalt Pumpbeg.,mg/l],0
10421,2019-10-16,Redox Pumpende,mV],211
10421,2019-10-16,pH Pumpende,ohne Einheit],7
10421,2019-10-16,O2-Gehalt Pumpende,mg/l],0
10421,2019-10-16,Chlorid,mg/l],78
10421,2019-10-16,Fluorid,mg/l],0.28
10421,2019-10-16,Hydrogenkarbonat,mg/l],247.7
10421,2019-10-16,Nitrit (N),mg/l N],-0.01
10421,2019-10-16,Nitrat (N),mg/l N],-0.02
10421,2019-10-16,Ortho-Phosphat (P),mg/l P],-0.01
10421,2019-10-16,Sulfat,mg/l],217
10421,2019-10-16,Cyanide (ges.),mg/l],-0
10421,2019-10-16,Bromid,mg/l],0.11
10421,2019-10-16,Nitrit,mg/l],-0.03
10421,2019-10-16,Nitrat,mg/l],-0.09
10421,2019-10-16,Ortho-Phosphat,mg/l],-0.03
10421,2019-10-16,Ammonium (N),mg/l N],-0.02
10421,2019-10-16,Eisen-2,mg/l],1.42
10421,2019-10-16,Eisen (ges.),mg/l],1.4
10421,2019-10-16,Kalium,mg/l],1.8
10421,2019-10-16,Kalzium,mg/l],157
10421,2019-10-16,Magnesium,mg/l],19
10421,2019-10-16,Natrium,mg/l],24.2
10421,2019-10-16,Mangan,mg/l],0.07
10421,2019-10-16,Ammonium,mg/l],-0.03
10421,2019-10-16,Leitfähigkeit /Lab. bei 25°C,µS/cm],1024
10421,2019-10-16,UV-Adsorption (254),1/m],2.7
10421,2019-10-16,CSV (KMNO4),mg/l O2],-0.5
10421,2019-10-16,Basenkap. bis 8.2,mmol/l],0.47
10421,2019-10-16,Säure-Kap. bis 4.3,mmol/l],4.06
10421,2019-10-16,Kohlenstoff (organ.),mg/l C],1.6
10421,2019-10-16,pH-Wert /Lab.,ohne Einheit],7.2
10421,2019-10-16,Gesamthärte,mmol/l],4.69
10421,2019-10-16,Karbonathärte,mmol/l],2.03
10421,2019-10-16,AOX,µg/l],-10
10421,2019-10-16,Phenolindex (ges.),µg/l],-10
10421,2019-10-16,LHKW (Summe),µg/l],-0.1
10421,2019-10-16,BTXE (Summe),µg/l],-0.1
10421,2019-10-16,Arsen,µg/l],1
10421,2019-10-16,Barium,µg/l],86
10421,2019-10-16,Blei,µg/l],-0.1
10421,2019-10-16,Bor,µg/l],21
10421,2019-10-16,Cadmium,µg/l],-0.03
10421,2019-10-16,Chrom,µg/l],-0.1
10421,2019-10-16,Kupfer,µg/l],-0.1
10421,2019-10-16,Aluminium-gelöst,µg/l],2.5
10421,2019-10-16,Molybdän,µg/l],1
10421,2019-10-16,Nickel,µg/l],0.15
10421,2019-10-16,Quecksilber,µg/l],-0.01
10421,2019-10-16,Selen,µg/l],-0.9
10421,2019-10-16,Zink,µg/l],2.5
10421,2019-10-16,Vanadium,µg/l],-0.1
10421,2019-10-16,Thallium,µg/l],-0.05
10421,2019-10-16,Uran,µg/l],-0.05
10421,2019-10-16,Dichlormethan,µg/l],-0.1
10421,2019-10-16,Trichlormethan,µg/l],-0.1
10421,2019-10-16,Tetrachlormethan,µg/l],-0.1
10421,2019-10-16,"1,2-Dichlorethan",µg/l],-0.1
10421,2019-10-16,"cis-1,2-Dichloreth.",µg/l],-0.1
10421,2019-10-16,"1,1,1-Tri-Cl-Ethan",µg/l],-0.1
10421,2019-10-16,Trichlorethen,µg/l],-0.1
10421,2019-10-16,Tetrachlorethen,µg/l],-0.1
10421,2019-10-16,Vinylchlorid,µg/l],-0.1
10421,2019-10-16,"trans-1,2-Dichloret.",µg/l],-0.1
10421,2019-10-16,Benzen,µg/l],-0.1
10421,2019-10-16,Ethylbenzen,µg/l],-0.1
10421,2019-10-16,Toluen,µg/l],-0.1
10421,2019-10-16,Xylen (meta/para),µg/l],-0.1
10421,2019-10-16,Xylen (ortho),µg/l],-0.1
10421,2019-10-16,Cumol,µg/l],-0.1
10421,2019-10-16,Naphtalin,µg/l],-0.01
10421,2019-10-16,Acenaphthylen,µg/l],-0.01
10421,2019-10-16,Acenaphthen,µg/l],-0
10421,2019-10-16,Fluoren,µg/l],-0
10421,2019-10-16,Phenanthren,µg/l],-0
10421,2019-10-16,Anthracen,µg/l],-0.01
10421,2019-10-16,Fluoranthen,µg/l],-0
10421,2019-10-16,Pyren,µg/l],-0
10421,2019-10-16,Benz-a-Anthracen,µg/l],-0
10421,2019-10-16,Chrysen,µg/l],-0
10421,2019-10-16,Benz-b-Fluoranthen,µg/l],-0
10421,2019-10-16,Benz-k-Fluoranthen,µg/l],-0
10421,2019-10-16,Benz-a-Pyren,µg/l],-0
10421,2019-10-16,"Dibenz-a,h-Anthracen",µg/l],-0
10421,2019-10-16,"Benz-g,h,i-Perylen",µg/l],-0
10421,2019-10-16,"Indeno-1,2,3-cd-Pyr.",µg/l],-0
10421,2019-10-16,Summe Na+Cl,mg/l],102.2
10421,2019-10-16,Ionenbilanz (Labor),ohne Einheit],-2.3
10421,2020-05-13,Temperatur (Luft),grd Celsius],7
10421,2020-05-13,pH-Wert (Feld),ohne Einheit],7.1
10421,2020-05-13,Temperatur (Wasser),grd C],10.9
10421,2020-05-13,Leitfähigkeit 25°C vor Ort,µS/cm],1021
10421,2020-05-13,Wasserst.(ROK) vor,m],2.4
10421,2020-05-13,Wasserst.(ROK) nach,m],2.48
10421,2020-05-13,Entnahmeteufe (ROK),m unter ROK],4
10421,2020-05-13,Förderrate,l/s],0.25
10421,2020-05-13,Redox Pumpbeginn,mV],334
10421,2020-05-13,O2-Gehalt Pumpbeg.,mg/l],0
10421,2020-05-13,Redox Pumpende,mV],247
10421,2020-05-13,pH Pumpende,ohne Einheit],7.1
10421,2020-05-13,O2-Gehalt Pumpende,mg/l],0
10421,2020-05-13,Chlorid,mg/l],80
10421,2020-05-13,Fluorid,mg/l],0.26
10421,2020-05-13,Hydrogenkarbonat,mg/l],250.8
10421,2020-05-13,Nitrit (N),mg/l N],-0.01
10421,2020-05-13,Nitrat (N),mg/l N],-0.02
10421,2020-05-13,Ortho-Phosphat (P),mg/l P],-0.01
10421,2020-05-13,Sulfat,mg/l],218
10421,2020-05-13,Cyanide (ges.),mg/l],-0
10421,2020-05-13,Bromid,mg/l],0.13
10421,2020-05-13,Nitrit,mg/l],-0.03
10421,2020-05-13,Nitrat,mg/l],-0.09
10421,2020-05-13,Ortho-Phosphat,mg/l],-0.03
10421,2020-05-13,Ammonium (N),mg/l N],0.03
10421,2020-05-13,Eisen-2,mg/l],1.4
10421,2020-05-13,Eisen (ges.),mg/l],1.4
10421,2020-05-13,Kalium,mg/l],2.55
10421,2020-05-13,Kalzium,mg/l],153
10421,2020-05-13,Magnesium,mg/l],18.6
10421,2020-05-13,Natrium,mg/l],25
10421,2020-05-13,Mangan,mg/l],0.07
10421,2020-05-13,Ammonium,mg/l],0.04
10421,2020-05-13,Leitfähigkeit /Lab. bei 25°C,µS/cm],983
10421,2020-05-13,UV-Adsorption (254),1/m],2.6
10421,2020-05-13,CSV (KMNO4),mg/l O2],0.5
10421,2020-05-13,Basenkap. bis 8.2,mmol/l],0.56
10421,2020-05-13,Säure-Kap. bis 4.3,mmol/l],4.11
10421,2020-05-13,Kohlenstoff (organ.),mg/l C],1.5
10421,2020-05-13,pH-Wert /Lab.,ohne Einheit],7.2
10421,2020-05-13,Gesamthärte,mmol/l],4.59
10421,2020-05-13,Karbonathärte,mmol/l],2.06
10421,2020-05-13,AOX,µg/l],-10
10421,2020-05-13,Phenolindex (ges.),µg/l],-14
10421,2020-05-13,LHKW (Summe),µg/l],-0.1
10421,2020-05-13,BTXE (Summe),µg/l],0.1
10421,2020-05-13,Arsen,µg/l],0.87
10421,2020-05-13,Barium,µg/l],86
10421,2020-05-13,Blei,µg/l],0.17
10421,2020-05-13,Bor,µg/l],22
10421,2020-05-13,Cadmium,µg/l],-0.03
10421,2020-05-13,Chrom,µg/l],0.1
10421,2020-05-13,Kupfer,µg/l],-0.1
10421,2020-05-13,Aluminium-gelöst,µg/l],3.1
10421,2020-05-13,Molybdän,µg/l],0.96
10421,2020-05-13,Nickel,µg/l],-0.1
10421,2020-05-13,Quecksilber,µg/l],-0.01
10421,2020-05-13,Selen,µg/l],-0.9
10421,2020-05-13,Zink,µg/l],1.3
10421,2020-05-13,Vanadium,µg/l],-0.1
10421,2020-05-13,Thallium,µg/l],-0.05
10421,2020-05-13,Uran,µg/l],-0.05
10421,2020-05-13,Dichlormethan,µg/l],-0.1
10421,2020-05-13,Trichlormethan,µg/l],-0.1
10421,2020-05-13,Tetrachlormethan,µg/l],-0.1
10421,2020-05-13,"1,2-Dichlorethan",µg/l],-0.1
10421,2020-05-13,"cis-1,2-Dichloreth.",µg/l],-0.1
10421,2020-05-13,"1,1,1-Tri-Cl-Ethan",µg/l],-0.1
10421,2020-05-13,Trichlorethen,µg/l],-0.1
10421,2020-05-13,Tetrachlorethen,µg/l],-0.1
10421,2020-05-13,Vinylchlorid,µg/l],-0.1
10421,2020-05-13,"trans-1,2-Dichloret.",µg/l],-0.1
10421,2020-05-13,Benzen,µg/l],-0.1
10421,2020-05-13,Ethylbenzen,µg/l],-0.1
10421,2020-05-13,Toluen,µg/l],0.3
10421,2020-05-13,Xylen (meta/para),µg/l],-0.1
10421,2020-05-13,Xylen (ortho),µg/l],-0.1
10421,2020-05-13,Cumol,µg/l],-0.1
10421,2020-05-13,Naphtalin,µg/l],-0.01
10421,2020-05-13,Acenaphthylen,µg/l],-0.01
10421,2020-05-13,Acenaphthen,µg/l],0
10421,2020-05-13,Fluoren,µg/l],-0
10421,2020-05-13,Phenanthren,µg/l],0
10421,2020-05-13,Anthracen,µg/l],-0.01
10421,2020-05-13,Fluoranthen,µg/l],-0
10421,2020-05-13,Pyren,µg/l],-0
10421,2020-05-13,Benz-a-Anthracen,µg/l],-0
10421,2020-05-13,Chrysen,µg/l],-0
10421,2020-05-13,Benz-b-Fluoranthen,µg/l],-0
10421,2020-05-13,Benz-k-Fluoranthen,µg/l],-0
10421,2020-05-13,Benz-a-Pyren,µg/l],-0
10421,2020-05-13,"Dibenz-a,h-Anthracen",µg/l],-0
10421,2020-05-13,"Benz-g,h,i-Perylen",µg/l],-0
10421,2020-05-13,"Indeno-1,2,3-cd-Pyr.",µg/l],-0
10421,2020-05-13,Summe Na+Cl,mg/l],105
10421,2020-05-13,Ionenbilanz (Labor),ohne Einheit],-4.8
10421,2020-11-16,Temperatur (Luft),grd Celsius],12
10421,2020-11-16,pH-Wert (Feld),ohne Einheit],7.1
10421,2020-11-16,Temperatur (Wasser),grd C],11.1
10421,2020-11-16,Leitfähigkeit 25°C vor Ort,µS/cm],1044
10421,2020-11-16,Wasserst.(ROK) vor,m],2.43
10421,2020-11-16,Wasserst.(ROK) nach,m],2.52
10421,2020-11-16,Entnahmeteufe (ROK),m unter ROK],4
10421,2020-11-16,Förderrate,l/s],0.25
10421,2020-11-16,Redox Pumpbeginn,mV],-20
10421,2020-11-16,O2-Gehalt Pumpbeg.,mg/l],0
10421,2020-11-16,Redox Pumpende,mV],-32
10421,2020-11-16,pH Pumpende,ohne Einheit],7.1
10421,2020-11-16,O2-Gehalt Pumpende,mg/l],0
10421,2020-11-16,Chlorid,mg/l],89
10421,2020-11-16,Fluorid,mg/l],0.24
10421,2020-11-16,Hydrogenkarbonat,mg/l],272.1
10421,2020-11-16,Nitrit (N),mg/l N],-0.01
10421,2020-11-16,Nitrat (N),mg/l N],-0.02
10421,2020-11-16,Ortho-Phosphat (P),mg/l P],-0.01
10421,2020-11-16,Sulfat,mg/l],206
10421,2020-11-16,Cyanide (ges.),mg/l],-0
10421,2020-11-16,Bromid,mg/l],-0.1
10421,2020-11-16,Nitrit,mg/l],-0.03
10421,2020-11-16,Nitrat,mg/l],-0.09
10421,2020-11-16,Ortho-Phosphat,mg/l],-0.03
10421,2020-11-16,Ammonium (N),mg/l N],0.03
10421,2020-11-16,Eisen-2,mg/l],1.4
10421,2020-11-16,Eisen (ges.),mg/l],1.4
10421,2020-11-16,Kalium,mg/l],2.36
10421,2020-11-16,Kalzium,mg/l],151
10421,2020-11-16,Magnesium,mg/l],19.4
10421,2020-11-16,Natrium,mg/l],34.7
10421,2020-11-16,Mangan,mg/l],0.07
10421,2020-11-16,Ammonium,mg/l],0.04
10421,2020-11-16,Leitfähigkeit /Lab. bei 25°C,µS/cm],1053
10421,2020-11-16,UV-Adsorption (254),1/m],2.6
10421,2020-11-16,CSV (KMNO4),mg/l O2],0.54
10421,2020-11-16,Basenkap. bis 8.2,mmol/l],0.48
10421,2020-11-16,Säure-Kap. bis 4.3,mmol/l],4.46
10421,2020-11-16,Kohlenstoff (organ.),mg/l C],1.5
10421,2020-11-16,pH-Wert /Lab.,ohne Einheit],7.1
10421,2020-11-16,Gesamthärte,mmol/l],4.58
10421,2020-11-16,Karbonathärte,mmol/l],2.23
10421,2020-11-16,AOX,µg/l],-10
10421,2020-11-16,Phenolindex (ges.),µg/l],-14
10421,2020-11-16,LHKW (Summe),µg/l],-0.1
10421,2020-11-16,BTXE (Summe),µg/l],-0.1
10421,2020-11-16,Arsen,µg/l],1
10421,2020-11-16,Barium,µg/l],91
10421,2020-11-16,Blei,µg/l],-0.1
10421,2020-11-16,Bor,µg/l],21
10421,2020-11-16,Cadmium,µg/l],-0.03
10421,2020-11-16,Chrom,µg/l],-0.1
10421,2020-11-16,Kupfer,µg/l],-0.1
10421,2020-11-16,Aluminium-gelöst,µg/l],2.8
10421,2020-11-16,Molybdän,µg/l],1
10421,2020-11-16,Nickel,µg/l],-0.1
10421,2020-11-16,Quecksilber,µg/l],-0.01
10421,2020-11-16,Selen,µg/l],-0.9
10421,2020-11-16,Zink,µg/l],4.5
10421,2020-11-16,Vanadium,µg/l],-0.1
10421,2020-11-16,Thallium,µg/l],-0.05
10421,2020-11-16,Uran,µg/l],-0.05
10421,2020-11-16,Dichlormethan,µg/l],-0.1
10421,2020-11-16,Trichlormethan,µg/l],-0.1
10421,2020-11-16,Tetrachlormethan,µg/l],-0.1
10421,2020-11-16,"1,2-Dichlorethan",µg/l],-0.1
10421,2020-11-16,"cis-1,2-Dichloreth.",µg/l],-0.1
10421,2020-11-16,"1,1,1-Tri-Cl-Ethan",µg/l],-0.1
10421,2020-11-16,Trichlorethen,µg/l],-0.1
10421,2020-11-16,Tetrachlorethen,µg/l],-0.1
10421,2020-11-16,Vinylchlorid,µg/l],-0.1
10421,2020-11-16,"trans-1,2-Dichloret.",µg/l],-0.1
10421,2020-11-16,Benzen,µg/l],-0.1
10421,2020-11-16,Ethylbenzen,µg/l],-0.1
10421,2020-11-16,Toluen,µg/l],-0.1
10421,2020-11-16,Xylen (meta/para),µg/l],-0.1
10421,2020-11-16,Xylen (ortho),µg/l],-0.1
10421,2020-11-16,Cumol,µg/l],-0.1
10421,2020-11-16,Naphtalin,µg/l],-0.01
10421,2020-11-16,Acenaphthylen,µg/l],-0.01
10421,2020-11-16,Acenaphthen,µg/l],0
10421,2020-11-16,Fluoren,µg/l],0.01
10421,2020-11-16,Phenanthren,µg/l],0.01
10421,2020-11-16,Anthracen,µg/l],-0.01
10421,2020-11-16,Fluoranthen,µg/l],0.01
10421,2020-11-16,Pyren,µg/l],0.01
10421,2020-11-16,Benz-a-Anthracen,µg/l],-0
10421,2020-11-16,Chrysen,µg/l],-0
10421,2020-11-16,Benz-b-Fluoranthen,µg/l],-0
10421,2020-11-16,Benz-k-Fluoranthen,µg/l],-0
10421,2020-11-16,Benz-a-Pyren,µg/l],-0
10421,2020-11-16,"Dibenz-a,h-Anthracen",µg/l],-0
10421,2020-11-16,"Benz-g,h,i-Perylen",µg/l],-0
10421,2020-11-16,"Indeno-1,2,3-cd-Pyr.",µg/l],-0
10421,2020-11-16,Summe Na+Cl,mg/l],123.7
10421,2020-11-16,Ionenbilanz (Labor),ohne Einheit],-4.3
10421,2021-05-19,Temperatur (Luft),grd Celsius],16
10421,2021-05-19,pH-Wert (Feld),ohne Einheit],7.3
10421,2021-05-19,Temperatur (Wasser),grd C],11.4
10421,2021-05-19,Leitfähigkeit 25°C vor Ort,µS/cm],1083
10421,2021-05-19,Wasserst.(ROK) vor,m],2.41
10421,2021-05-19,Wasserst.(ROK) nach,m],2.49
10421,2021-05-19,Entnahmeteufe (ROK),m unter ROK],5
10421,2021-05-19,Förderrate,l/s],0.17
10421,2021-05-19,Redox Pumpbeginn,mV],45
10421,2021-05-19,O2-Gehalt Pumpbeg.,mg/l],0.18
10421,2021-05-19,Redox Pumpende,mV],13
10421,2021-05-19,pH Pumpende,ohne Einheit],7.3
10421,2021-05-19,O2-Gehalt Pumpende,mg/l],0
10421,2021-05-19,Chlorid,mg/l],90
10421,2021-05-19,Fluorid,mg/l],0.25
10421,2021-05-19,Hydrogenkarbonat,mg/l],284.3
10421,2021-05-19,Nitrit (N),mg/l N],-0.01
10421,2021-05-19,Nitrat (N),mg/l N],-0.02
10421,2021-05-19,Ortho-Phosphat (P),mg/l P],-0.01
10421,2021-05-19,Sulfat,mg/l],211
10421,2021-05-19,Cyanide (ges.),mg/l],-0
10421,2021-05-19,Bromid,mg/l],-0.1
10421,2021-05-19,Nitrit,mg/l],-0.03
10421,2021-05-19,Nitrat,mg/l],-0.09
10421,2021-05-19,Ortho-Phosphat,mg/l],-0.03
10421,2021-05-19,Ammonium (N),mg/l N],0.04
10421,2021-05-19,Eisen-2,mg/l],1.44
10421,2021-05-19,Eisen (ges.),mg/l],1.5
10421,2021-05-19,Kalium,mg/l],2.66
10421,2021-05-19,Kalzium,mg/l],160
10421,2021-05-19,Magnesium,mg/l],20.3
10421,2021-05-19,Natrium,mg/l],36.6
10421,2021-05-19,Mangan,mg/l],0.07
10421,2021-05-19,Ammonium,mg/l],0.05
10421,2021-05-19,Leitfähigkeit /Lab. bei 25°C,µS/cm],1079
10421,2021-05-19,UV-Adsorption (254),1/m],2.84
10421,2021-05-19,CSV (KMNO4),mg/l O2],0.56
10421,2021-05-19,Basenkap. bis 8.2,mmol/l],0.54
10421,2021-05-19,Säure-Kap. bis 4.3,mmol/l],4.66
10421,2021-05-19,Kohlenstoff (organ.),mg/l C],1.9
10421,2021-05-19,pH-Wert /Lab.,ohne Einheit],7.2
10421,2021-05-19,Gesamthärte,mmol/l],4.83
10421,2021-05-19,Karbonathärte,mmol/l],2.33
10421,2021-05-19,AOX,µg/l],19
10421,2021-05-19,Phenolindex (ges.),µg/l],-10
10421,2021-05-19,LHKW (Summe),µg/l],-0.1
10421,2021-05-19,BTXE (Summe),µg/l],-0.1
10421,2021-05-19,Arsen,µg/l],0.96
10421,2021-05-19,Barium,µg/l],92
10421,2021-05-19,Blei,µg/l],-0.1
10421,2021-05-19,Bor,µg/l],22
10421,2021-05-19,Cadmium,µg/l],-0.03
10421,2021-05-19,Chrom,µg/l],-0.1
10421,2021-05-19,Kupfer,µg/l],-0.1
10421,2021-05-19,Aluminium-gelöst,µg/l],-2
10421,2021-05-19,Molybdän,µg/l],0.99
10421,2021-05-19,Nickel,µg/l],0.11
10421,2021-05-19,Quecksilber,µg/l],-0.01
10421,2021-05-19,Selen,µg/l],-0.9
10421,2021-05-19,Zink,µg/l],-1
10421,2021-05-19,Vanadium,µg/l],-0.1
10421,2021-05-19,Thallium,µg/l],-0.05
10421,2021-05-19,Uran,µg/l],-0.05
10421,2021-05-19,Dichlormethan,µg/l],-0.1
10421,2021-05-19,Trichlormethan,µg/l],-0.1
10421,2021-05-19,Tetrachlormethan,µg/l],-0.1
10421,2021-05-19,"1,2-Dichlorethan",µg/l],-0.1
10421,2021-05-19,"cis-1,2-Dichloreth.",µg/l],-0.1
10421,2021-05-19,"1,1,1-Tri-Cl-Ethan",µg/l],-0.1
10421,2021-05-19,Trichlorethen,µg/l],-0.1
10421,2021-05-19,Tetrachlorethen,µg/l],-0.1
10421,2021-05-19,Vinylchlorid,µg/l],-0.1
10421,2021-05-19,"trans-1,2-Dichloret.",µg/l],-0.1
10421,2021-05-19,Benzen,µg/l],-0.1
10421,2021-05-19,Ethylbenzen,µg/l],-0.1
10421,2021-05-19,Toluen,µg/l],-0.1
10421,2021-05-19,Xylen (meta/para),µg/l],-0.1
10421,2021-05-19,Xylen (ortho),µg/l],-0.1
10421,2021-05-19,Cumol,µg/l],-0.1
10421,2021-05-19,Naphtalin,µg/l],-0.01
10421,2021-05-19,Acenaphthylen,µg/l],-0.01
10421,2021-05-19,Acenaphthen,µg/l],-0
10421,2021-05-19,Fluoren,µg/l],-0
10421,2021-05-19,Phenanthren,µg/l],-0
10421,2021-05-19,Anthracen,µg/l],-0.01
10421,2021-05-19,Fluoranthen,µg/l],-0
10421,2021-05-19,Pyren,µg/l],-0
10421,2021-05-19,Benz-a-Anthracen,µg/l],-0
10421,2021-05-19,Chrysen,µg/l],-0
10421,2021-05-19,Benz-b-Fluoranthen,µg/l],-0
10421,2021-05-19,Benz-k-Fluoranthen,µg/l],-0
10421,2021-05-19,Benz-a-Pyren,µg/l],-0
10421,2021-05-19,"Dibenz-a,h-Anthracen",µg/l],-0
10421,2021-05-19,"Benz-g,h,i-Perylen",µg/l],-0
10421,2021-05-19,"Indeno-1,2,3-cd-Pyr.",µg/l],-0
10421,2021-05-19,Summe Na+Cl,mg/l],126.6
10421,2021-05-19,Ionenbilanz (Labor),ohne Einheit],-1.8
10421,2021-11-30,Temperatur (Luft),grd Celsius],2
10421,2021-11-30,pH-Wert (Feld),ohne Einheit],7.1
10421,2021-11-30,Temperatur (Wasser),grd C],11.1
10421,2021-11-30,Leitfähigkeit 25°C vor Ort,µS/cm],1019
10421,2021-11-30,Wasserst.(ROK) vor,m],2.45
10421,2021-11-30,Wasserst.(ROK) nach,m],2.53
10421,2021-11-30,Entnahmeteufe (ROK),m unter ROK],5
10421,2021-11-30,Förderrate,l/s],0.17
10421,2021-11-30,Redox Pumpbeginn,mV],-100
10421,2021-11-30,O2-Gehalt Pumpbeg.,mg/l],0.49
10421,2021-11-30,Redox Pumpende,mV],-95
10421,2021-11-30,pH Pumpende,ohne Einheit],7.1
10421,2021-11-30,O2-Gehalt Pumpende,mg/l],0.5
10421,2021-11-30,Chlorid,mg/l],91
10421,2021-11-30,Fluorid,mg/l],0.25
10421,2021-11-30,Hydrogenkarbonat,mg/l],289.8
10421,2021-11-30,Nitrit (N),mg/l N],-0.01
10421,2021-11-30,Nitrat (N),mg/l N],-0.02
10421,2021-11-30,Ortho-Phosphat (P),mg/l P],-0.01
10421,2021-11-30,Sulfat,mg/l],209
10421,2021-11-30,Cyanide (ges.),mg/l],-0
10421,2021-11-30,Bromid,mg/l],0.1
10421,2021-11-30,Nitrit,mg/l],-0.03
10421,2021-11-30,Nitrat,mg/l],-0.09
10421,2021-11-30,Ortho-Phosphat,mg/l],-0.03
10421,2021-11-30,Ammonium (N),mg/l N],-0.02
10421,2021-11-30,Eisen-2,mg/l],1.42
10421,2021-11-30,Eisen (ges.),mg/l],1.5
10421,2021-11-30,Kalium,mg/l],2.62
10421,2021-11-30,Kalzium,mg/l],166
10421,2021-11-30,Magnesium,mg/l],20.4
10421,2021-11-30,Natrium,mg/l],37.5
10421,2021-11-30,Mangan,mg/l],0.07
10421,2021-11-30,Ammonium,mg/l],-0.03
10421,2021-11-30,Leitfähigkeit /Lab. bei 25°C,µS/cm],1076
10421,2021-11-30,UV-Adsorption (254),1/m],2.58
10421,2021-11-30,CSV (KMNO4),mg/l O2],0.55
10421,2021-11-30,Basenkap. bis 8.2,mmol/l],0.57
10421,2021-11-30,Säure-Kap. bis 4.3,mmol/l],4.75
10421,2021-11-30,Kohlenstoff (organ.),mg/l C],2
10421,2021-11-30,pH-Wert /Lab.,ohne Einheit],7.2
10421,2021-11-30,Gesamthärte,mmol/l],5
10421,2021-11-30,Karbonathärte,mmol/l],2.38
10421,2021-11-30,AOX,µg/l],-10
10421,2021-11-30,Phenolindex (ges.),µg/l],-10
10421,2021-11-30,LHKW (Summe),µg/l],-0.1
10421,2021-11-30,BTXE (Summe),µg/l],-0.1
10421,2021-11-30,Arsen,µg/l],1
10421,2021-11-30,Barium,µg/l],102
10421,2021-11-30,Blei,µg/l],-0.1
10421,2021-11-30,Bor,µg/l],20
10421,2021-11-30,Cadmium,µg/l],-0.03
10421,2021-11-30,Chrom,µg/l],-0.1
10421,2021-11-30,Kupfer,µg/l],-0.1
10421,2021-11-30,Aluminium-gelöst,µg/l],-2
10421,2021-11-30,Molybdän,µg/l],1.1
10421,2021-11-30,Nickel,µg/l],-0.1
10421,2021-11-30,Quecksilber,µg/l],-0.01
10421,2021-11-30,Selen,µg/l],-0.9
10421,2021-11-30,Zink,µg/l],-1
10421,2021-11-30,Vanadium,µg/l],-0.1
10421,2021-11-30,Thallium,µg/l],-0.05
10421,2021-11-30,Uran,µg/l],-0.05
10421,2021-11-30,Dichlormethan,µg/l],-0.1
10421,2021-11-30,Trichlormethan,µg/l],-0.1
10421,2021-11-30,Tetrachlormethan,µg/l],-0.1
10421,2021-11-30,"1,2-Dichlorethan",µg/l],-0.1
10421,2021-11-30,"cis-1,2-Dichloreth.",µg/l],-0.1
10421,2021-11-30,"1,1,1-Tri-Cl-Ethan",µg/l],-0.1
10421,2021-11-30,Trichlorethen,µg/l],-0.1
10421,2021-11-30,Tetrachlorethen,µg/l],-0.1
10421,2021-11-30,Vinylchlorid,µg/l],-0.1
10421,2021-11-30,"trans-1,2-Dichloret.",µg/l],-0.1
10421,2021-11-30,Benzen,µg/l],-0.1
10421,2021-11-30,Ethylbenzen,µg/l],-0.1
10421,2021-11-30,Toluen,µg/l],-0.1
10421,2021-11-30,Xylen (meta/para),µg/l],-0.1
10421,2021-11-30,Xylen (ortho),µg/l],-0.1
10421,2021-11-30,Cumol,µg/l],-0.1
10421,2021-11-30,Naphtalin,µg/l],-0.01
10421,2021-11-30,Acenaphthylen,µg/l],0.01
10421,2021-11-30,Acenaphthen,µg/l],0
10421,2021-11-30,Fluoren,µg/l],-0
10421,2021-11-30,Phenanthren,µg/l],-0
10421,2021-11-30,Anthracen,µg/l],-0.01
10421,2021-11-30,Fluoranthen,µg/l],-0
10421,2021-11-30,Pyren,µg/l],-0
10421,2021-11-30,Benz-a-Anthracen,µg/l],-0
10421,2021-11-30,Chrysen,µg/l],-0
10421,2021-11-30,Benz-b-Fluoranthen,µg/l],0
10421,2021-11-30,Benz-k-Fluoranthen,µg/l],0
10421,2021-11-30,Benz-a-Pyren,µg/l],0
10421,2021-11-30,"Dibenz-a,h-Anthracen",µg/l],0
10421,2021-11-30,"Benz-g,h,i-Perylen",µg/l],0
10421,2021-11-30,"Indeno-1,2,3-cd-Pyr.",µg/l],0
10421,2021-11-30,Summe Na+Cl,mg/l],128.5
10421,2021-11-30,Ionenbilanz (Labor),ohne Einheit],0.5
10421,2022-07-20,Temperatur (Luft),grd Celsius],30
10421,2022-07-20,pH-Wert (Feld),ohne Einheit],5.8
10421,2022-07-20,Temperatur (Wasser),grd C],12
10421,2022-07-20,Leitfähigkeit 25°C vor Ort,µS/cm],904
10421,2022-07-20,Wasserst.(ROK) vor,m],2.74
10421,2022-07-20,Chlorid,mg/l],94
10421,2022-07-20,Fluorid,mg/l],0.25
10421,2022-07-20,Hydrogenkarbonat,mg/l],293.5
10421,2022-07-20,Nitrit (N),mg/l N],-0.01
10421,2022-07-20,Nitrat (N),mg/l N],-0.02
10421,2022-07-20,Ortho-Phosphat (P),mg/l P],-0.01
10421,2022-07-20,Sulfat,mg/l],192
10421,2022-07-20,Cyanide (ges.),mg/l],-0
10421,2022-07-20,Bromid,mg/l],0.12
10421,2022-07-20,Nitrit,mg/l],-0.03
10421,2022-07-20,Nitrat,mg/l],-0.09
10421,2022-07-20,Ortho-Phosphat,mg/l],-0.03
10421,2022-07-20,Ammonium (N),mg/l N],-0.02
10421,2022-07-20,Eisen-2,mg/l],1.47
10421,2022-07-20,Eisen (ges.),mg/l],1.4
10421,2022-07-20,Kalium,mg/l],2.86
10421,2022-07-20,Kalzium,mg/l],156
10421,2022-07-20,Magnesium,mg/l],19.7
10421,2022-07-20,Natrium,mg/l],39.6
10421,2022-07-20,Mangan,mg/l],0.08
10421,2022-07-20,Ammonium,mg/l],-0.03
10421,2022-07-20,Leitfähigkeit /Lab. bei 25°C,µS/cm],1035
10421,2022-07-20,UV-Adsorption (254),1/m],2.48
10421,2022-07-20,CSV (KMNO4),mg/l O2],0.57
10421,2022-07-20,Basenkap. bis 8.2,mmol/l],0.5
10421,2022-07-20,Säure-Kap. bis 4.3,mmol/l],4.81
10421,2022-07-20,Kohlenstoff (organ.),mg/l C],1.7
10421,2022-07-20,pH-Wert /Lab.,ohne Einheit],7.2
10421,2022-07-20,Gesamthärte,mmol/l],4.7
10421,2022-07-20,Karbonathärte,mmol/l],2.41
10421,2022-07-20,AOX,µg/l],-10
10421,2022-07-20,Phenolindex (ges.),µg/l],-10
10421,2022-07-20,LHKW (Summe),µg/l],-0.1
10421,2022-07-20,BTXE (Summe),µg/l],-0.1
10421,2022-07-20,Arsen,µg/l],0.94
10421,2022-07-20,Barium,µg/l],91
10421,2022-07-20,Blei,µg/l],0.15
10421,2022-07-20,Bor,µg/l],21
10421,2022-07-20,Cadmium,µg/l],-0.03
10421,2022-07-20,Chrom,µg/l],-0.1
10421,2022-07-20,Kupfer,µg/l],-0.1
10421,2022-07-20,Aluminium-gelöst,µg/l],2.2
10421,2022-07-20,Molybdän,µg/l],0.99
10421,2022-07-20,Nickel,µg/l],0.1
10421,2022-07-20,Quecksilber,µg/l],-0.01
10421,2022-07-20,Selen,µg/l],-0.9
10421,2022-07-20,Zink,µg/l],1.5
10421,2022-07-20,Vanadium,µg/l],-0.1
10421,2022-07-20,Thallium,µg/l],-0.05
10421,2022-07-20,Uran,µg/l],-0.05
10421,2022-07-20,Dichlormethan,µg/l],-0.1
10421,2022-07-20,Trichlormethan,µg/l],-0.1
10421,2022-07-20,Tetrachlormethan,µg/l],-0.1
10421,2022-07-20,"1,2-Dichlorethan",µg/l],-0.1
10421,2022-07-20,"cis-1,2-Dichloreth.",µg/l],-0.1
10421,2022-07-20,"1,1,1-Tri-Cl-Ethan",µg/l],-0.1
10421,2022-07-20,Trichlorethen,µg/l],-0.1
10421,2022-07-20,Tetrachlorethen,µg/l],-0.1
10421,2022-07-20,Vinylchlorid,µg/l],-0.1
10421,2022-07-20,"trans-1,2-Dichloret.",µg/l],-0.1
10421,2022-07-20,Benzen,µg/l],-0.1
10421,2022-07-20,Ethylbenzen,µg/l],-0.1
10421,2022-07-20,Toluen,µg/l],-0.1
10421,2022-07-20,Xylen (meta/para),µg/l],-0.1
10421,2022-07-20,Xylen (ortho),µg/l],-0.1
10421,2022-07-20,Cumol,µg/l],-0.1
10421,2022-07-20,Naphtalin,µg/l],0.02
10421,2022-07-20,Acenaphthylen,µg/l],-0.01
10421,2022-07-20,Acenaphthen,µg/l],0
10421,2022-07-20,Fluoren,µg/l],-0
10421,2022-07-20,Phenanthren,µg/l],-0
10421,2022-07-20,Anthracen,µg/l],-0.01
10421,2022-07-20,Fluoranthen,µg/l],-0
10421,2022-07-20,Pyren,µg/l],-0
10421,2022-07-20,Benz-a-Anthracen,µg/l],-0
10421,2022-07-20,Chrysen,µg/l],-0
10421,2022-07-20,Benz-b-Fluoranthen,µg/l],-0
10421,2022-07-20,Benz-k-Fluoranthen,µg/l],-0
10421,2022-07-20,Benz-a-Pyren,µg/l],0
10421,2022-07-20,"Dibenz-a,h-Anthracen",µg/l],-0
10421,2022-07-20,"Benz-g,h,i-Perylen",µg/l],-0
10421,2022-07-20,"Indeno-1,2,3-cd-Pyr.",µg/l],-0
10421,2022-07-20,Summe Na+Cl,mg/l],133.6
10421,2022-07-20,Ionenbilanz (Labor),ohne Einheit],-1.8
10421,2022-10-26,Temperatur (Luft),grd Celsius],8
10421,2022-10-26,pH-Wert (Feld),ohne Einheit],7.2
10421,2022-10-26,Temperatur (Wasser),grd C],11.1
10421,2022-10-26,Leitfähigkeit 25°C vor Ort,µS/cm],806
10421,2022-10-26,Wasserst.(ROK) vor,m],2.6
10421,2022-10-26,Chlorid,mg/l],100
10421,2022-10-26,Fluorid,mg/l],0.26
10421,2022-10-26,Hydrogenkarbonat,mg/l],286.8
10421,2022-10-26,Nitrit (N),mg/l N],-0.01
10421,2022-10-26,Nitrat (N),mg/l N],-0.02
10421,2022-10-26,Ortho-Phosphat (P),mg/l P],-0.01
10421,2022-10-26,Sulfat,mg/l],185
10421,2022-10-26,Cyanide (ges.),mg/l],-0
10421,2022-10-26,Bromid,mg/l],0.12
10421,2022-10-26,Nitrit,mg/l],-0.03
10421,2022-10-26,Nitrat,mg/l],-0.09
10421,2022-10-26,Ortho-Phosphat,mg/l],-0.03
10421,2022-10-26,Ammonium (N),mg/l N],0.04
10421,2022-10-26,Eisen-2,mg/l],1.42
10421,2022-10-26,Eisen (ges.),mg/l],1.3
10421,2022-10-26,Kalium,mg/l],2.75
10421,2022-10-26,Kalzium,mg/l],152
10421,2022-10-26,Magnesium,mg/l],19
10421,2022-10-26,Natrium,mg/l],39.6
10421,2022-10-26,Mangan,mg/l],0.07
10421,2022-10-26,Ammonium,mg/l],0.05
10421,2022-10-26,Leitfähigkeit /Lab. bei 25°C,µS/cm],1074
10421,2022-10-26,UV-Adsorption (254),1/m],2.76
10421,2022-10-26,CSV (KMNO4),mg/l O2],0.71
10421,2022-10-26,Basenkap. bis 8.2,mmol/l],0.52
10421,2022-10-26,Säure-Kap. bis 4.3,mmol/l],4.7
10421,2022-10-26,Kohlenstoff (organ.),mg/l C],1.5
10421,2022-10-26,pH-Wert /Lab.,ohne Einheit],7.1
10421,2022-10-26,Gesamthärte,mmol/l],4.58
10421,2022-10-26,Karbonathärte,mmol/l],2.35
10421,2022-10-26,AOX,µg/l],16
10421,2022-10-26,Phenolindex (ges.),µg/l],-10
10421,2022-10-26,LHKW (Summe),µg/l],-0.1
10421,2022-10-26,BTXE (Summe),µg/l],-0.1
10421,2022-10-26,Arsen,µg/l],0.87
10421,2022-10-26,Barium,µg/l],90
10421,2022-10-26,Blei,µg/l],-0.1
10421,2022-10-26,Bor,µg/l],20
10421,2022-10-26,Cadmium,µg/l],-0.03
10421,2022-10-26,Chrom,µg/l],-0.1
10421,2022-10-26,Kupfer,µg/l],-0.1
10421,2022-10-26,Aluminium-gelöst,µg/l],2
10421,2022-10-26,Molybdän,µg/l],0.94
10421,2022-10-26,Nickel,µg/l],-0.1
10421,2022-10-26,Quecksilber,µg/l],0.02
10421,2022-10-26,Selen,µg/l],-0.9
10421,2022-10-26,Zink,µg/l],-1
10421,2022-10-26,Vanadium,µg/l],-0.1
10421,2022-10-26,Thallium,µg/l],-0.05
10421,2022-10-26,Uran,µg/l],-0.05
10421,2022-10-26,Dichlormethan,µg/l],-0.1
10421,2022-10-26,Trichlormethan,µg/l],-0.1
10421,2022-10-26,Tetrachlormethan,µg/l],-0.1
10421,2022-10-26,"1,2-Dichlorethan",µg/l],-0.1
10421,2022-10-26,"cis-1,2-Dichloreth.",µg/l],-0.1
10421,2022-10-26,"1,1,1-Tri-Cl-Ethan",µg/l],-0.1
10421,2022-10-26,Trichlorethen,µg/l],-0.1
10421,2022-10-26,Tetrachlorethen,µg/l],-0.1
10421,2022-10-26,Vinylchlorid,µg/l],-0.1
10421,2022-10-26,"trans-1,2-Dichloret.",µg/l],-0.1
10421,2022-10-26,Benzen,µg/l],-0.1
10421,2022-10-26,Ethylbenzen,µg/l],-0.1
10421,2022-10-26,Toluen,µg/l],-0.1
10421,2022-10-26,Xylen (meta/para),µg/l],-0.1
10421,2022-10-26,Xylen (ortho),µg/l],-0.1
10421,2022-10-26,Cumol,µg/l],-0.1
10421,2022-10-26,Naphtalin,µg/l],-0.01
10421,2022-10-26,Acenaphthylen,µg/l],-0.01
10421,2022-10-26,Acenaphthen,µg/l],-0
10421,2022-10-26,Fluoren,µg/l],-0
10421,2022-10-26,Phenanthren,µg/l],-0
10421,2022-10-26,Anthracen,µg/l],-0.01
10421,2022-10-26,Fluoranthen,µg/l],-0
10421,2022-10-26,Pyren,µg/l],-0
10421,2022-10-26,Benz-a-Anthracen,µg/l],-0
10421,2022-10-26,Chrysen,µg/l],-0
10421,2022-10-26,Benz-b-Fluoranthen,µg/l],-0
10421,2022-10-26,Benz-k-Fluoranthen,µg/l],-0
10421,2022-10-26,Benz-a-Pyren,µg/l],-0
10421,2022-10-26,"Dibenz-a,h-Anthracen",µg/l],-0
10421,2022-10-26,"Benz-g,h,i-Perylen",µg/l],-0
10421,2022-10-26,"Indeno-1,2,3-cd-Pyr.",µg/l],-0
10421,2022-10-26,Summe Na+Cl,mg/l],139.6
10421,2022-10-26,Trifluoressigsäure,µg/l],0.32
10421,2022-10-26,Ionenbilanz (Labor),ohne Einheit],-3.4
10421,2023-04-19,Temperatur (Luft),grd Celsius],15
10421,2023-04-19,pH-Wert (Feld),ohne Einheit],7.1
10421,2023-04-19,Temperatur (Wasser),grd C],11.2
10421,2023-04-19,Leitfähigkeit 25°C vor Ort,µS/cm],1102
10421,2023-04-19,Wasserst.(ROK) vor,m],2.26
10421,2023-04-19,Chlorid,mg/l],88
10421,2023-04-19,Fluorid,mg/l],0.26
10421,2023-04-19,Hydrogenkarbonat,mg/l],297.2
10421,2023-04-19,Nitrit (N),mg/l N],-0.01
10421,2023-04-19,Nitrat (N),mg/l N],-0.02
10421,2023-04-19,Ortho-Phosphat (P),mg/l P],-0.01
10421,2023-04-19,Sulfat,mg/l],197
10421,2023-04-19,Cyanide (ges.),mg/l],-0
10421,2023-04-19,Bromid,mg/l],0.11
10421,2023-04-19,Nitrit,mg/l],-0.03
10421,2023-04-19,Nitrat,mg/l],-0.09
10421,2023-04-19,Ortho-Phosphat,mg/l],-0.03
10421,2023-04-19,Ammonium (N),mg/l N],0.03
10421,2023-04-19,Eisen-2,mg/l],1.39
10421,2023-04-19,Eisen (ges.),mg/l],1.5
10421,2023-04-19,Kalium,mg/l],2.85
10421,2023-04-19,Kalzium,mg/l],162
10421,2023-04-19,Magnesium,mg/l],21
10421,2023-04-19,Natrium,mg/l],40.3
10421,2023-04-19,Mangan,mg/l],0.08
10421,2023-04-19,Ammonium,mg/l],0.04
10421,2023-04-19,Leitfähigkeit /Lab. bei 25°C,µS/cm],1085
10421,2023-04-19,UV-Adsorption (254),1/m],2.66
10421,2023-04-19,CSV (KMNO4),mg/l O2],0.58
10421,2023-04-19,Basenkap. bis 8.2,mmol/l],0.47
10421,2023-04-19,Säure-Kap. bis 4.3,mmol/l],4.87
10421,2023-04-19,Kohlenstoff (organ.),mg/l C],1.6
10421,2023-04-19,pH-Wert /Lab.,ohne Einheit],7.1
10421,2023-04-19,Gesamthärte,mmol/l],4.91
10421,2023-04-19,Karbonathärte,mmol/l],2.44
10421,2023-04-19,AOX,µg/l],-10
10421,2023-04-19,Phenolindex (ges.),µg/l],-10
10421,2023-04-19,LHKW (Summe),µg/l],-0.1
10421,2023-04-19,BTXE (Summe),µg/l],-0.1
10421,2023-04-19,Arsen,µg/l],0.92
10421,2023-04-19,Barium,µg/l],84
10421,2023-04-19,Blei,µg/l],-0.1
10421,2023-04-19,Bor,µg/l],21
10421,2023-04-19,Cadmium,µg/l],-0.03
10421,2023-04-19,Chrom,µg/l],-0.1
10421,2023-04-19,Kupfer,µg/l],-0.1
10421,2023-04-19,Aluminium-gelöst,µg/l],2.8
10421,2023-04-19,Molybdän,µg/l],0.98
10421,2023-04-19,Nickel,µg/l],0.1
10421,2023-04-19,Quecksilber,µg/l],-0.01
10421,2023-04-19,Selen,µg/l],-0.9
10421,2023-04-19,Zink,µg/l],-1
10421,2023-04-19,Vanadium,µg/l],-0.1
10421,2023-04-19,Thallium,µg/l],-0.05
10421,2023-04-19,Uran,µg/l],-0.05
10421,2023-04-19,Dichlormethan,µg/l],-0.1
10421,2023-04-19,Trichlormethan,µg/l],-0.1
10421,2023-04-19,Tetrachlormethan,µg/l],-0.1
10421,2023-04-19,"1,2-Dichlorethan",µg/l],-0.1
10421,2023-04-19,"cis-1,2-Dichloreth.",µg/l],-0.1
10421,2023-04-19,"1,1,1-Tri-Cl-Ethan",µg/l],-0.1
10421,2023-04-19,Trichlorethen,µg/l],-0.1
10421,2023-04-19,Tetrachlorethen,µg/l],-0.1
10421,2023-04-19,Vinylchlorid,µg/l],-0.1
10421,2023-04-19,"trans-1,2-Dichloret.",µg/l],-0.1
10421,2023-04-19,Benzen,µg/l],-0.1
10421,2023-04-19,Ethylbenzen,µg/l],-0.1
10421,2023-04-19,Toluen,µg/l],-0.1
10421,2023-04-19,Xylen (meta/para),µg/l],-0.1
10421,2023-04-19,Xylen (ortho),µg/l],-0.1
10421,2023-04-19,Cumol,µg/l],-0.1
10421,2023-04-19,Naphtalin,µg/l],0.01
10421,2023-04-19,Acenaphthylen,µg/l],-0.01
10421,2023-04-19,Acenaphthen,µg/l],-0
10421,2023-04-19,Fluoren,µg/l],-0
10421,2023-04-19,Phenanthren,µg/l],-0
10421,2023-04-19,Anthracen,µg/l],-0.01
10421,2023-04-19,Fluoranthen,µg/l],-0
10421,2023-04-19,Pyren,µg/l],-0
10421,2023-04-19,Benz-a-Anthracen,µg/l],-0
10421,2023-04-19,Chrysen,µg/l],-0
10421,2023-04-19,Benz-b-Fluoranthen,µg/l],0
10421,2023-04-19,Benz-k-Fluoranthen,µg/l],0
10421,2023-04-19,Benz-a-Pyren,µg/l],0
10421,2023-04-19,"Dibenz-a,h-Anthracen",µg/l],0
10421,2023-04-19,"Benz-g,h,i-Perylen",µg/l],0
10421,2023-04-19,"Indeno-1,2,3-cd-Pyr.",µg/l],0
10421,2023-04-19,Summe Na+Cl,mg/l],128.3
10421,2023-04-19,Ionenbilanz (Labor),ohne Einheit],2.1
10421,2023-10-25,Temperatur (Luft),grd Celsius],12
10421,2023-10-25,pH-Wert (Feld),ohne Einheit],7.1
10421,2023-10-25,Temperatur (Wasser),grd C],11.2
10421,2023-10-25,Leitfähigkeit 25°C vor Ort,µS/cm],1093
10421,2023-10-25,Wasserst.(ROK) vor,m],2.46
10421,2023-10-25,Chlorid,mg/l],91
10421,2023-10-25,Fluorid,mg/l],0.26
10421,2023-10-25,Hydrogenkarbonat,mg/l],295.9
10421,2023-10-25,Nitrit (N),mg/l N],-0.01
10421,2023-10-25,Nitrat (N),mg/l N],-0.02
10421,2023-10-25,Ortho-Phosphat (P),mg/l P],-0.01
10421,2023-10-25,Sulfat,mg/l],197
10421,2023-10-25,Cyanide (ges.),mg/l],-0
10421,2023-10-25,Bromid,mg/l],0.11
10421,2023-10-25,Nitrit,mg/l],-0.03
10421,2023-10-25,Nitrat,mg/l],-0.09
10421,2023-10-25,Ortho-Phosphat,mg/l],-0.03
10421,2023-10-25,Ammonium (N),mg/l N],0.03
10421,2023-10-25,Eisen-2,mg/l],1.39
10421,2023-10-25,Eisen (ges.),mg/l],1.3
10421,2023-10-25,Kalium,mg/l],2.7
10421,2023-10-25,Kalzium,mg/l],159
10421,2023-10-25,Magnesium,mg/l],19.5
10421,2023-10-25,Natrium,mg/l],37.7
10421,2023-10-25,Mangan,mg/l],0.07
10421,2023-10-25,Ammonium,mg/l],0.04
10421,2023-10-25,Leitfähigkeit /Lab. bei 25°C,µS/cm],1077
10421,2023-10-25,UV-Adsorption (254),1/m],2.68
10421,2023-10-25,CSV (KMNO4),mg/l O2],-0.5
10421,2023-10-25,Basenkap. bis 8.2,mmol/l],0.44
10421,2023-10-25,Säure-Kap. bis 4.3,mmol/l],4.85
10421,2023-10-25,Kohlenstoff (organ.),mg/l C],1.8
10421,2023-10-25,pH-Wert /Lab.,ohne Einheit],7.1
10421,2023-10-25,Gesamthärte,mmol/l],4.77
10421,2023-10-25,Karbonathärte,mmol/l],2.43
10421,2023-10-25,AOX,µg/l],-10
10421,2023-10-25,Phenolindex (ges.),µg/l],-10
10421,2023-10-25,LHKW (Summe),µg/l],-0.1
10421,2023-10-25,BTXE (Summe),µg/l],-0.1
10421,2023-10-25,Arsen,µg/l],0.95
10421,2023-10-25,Barium,µg/l],98
10421,2023-10-25,Blei,µg/l],-0.1
10421,2023-10-25,Bor,µg/l],24
10421,2023-10-25,Cadmium,µg/l],-0.03
10421,2023-10-25,Chrom,µg/l],-0.1
10421,2023-10-25,Kupfer,µg/l],0.19
10421,2023-10-25,Aluminium-gelöst,µg/l],2.1
10421,2023-10-25,Molybdän,µg/l],1.1
10421,2023-10-25,Nickel,µg/l],0.11
10421,2023-10-25,Quecksilber,µg/l],-0.01
10421,2023-10-25,Selen,µg/l],-0.9
10421,2023-10-25,Zink,µg/l],-1
10421,2023-10-25,Vanadium,µg/l],-0.1
10421,2023-10-25,Thallium,µg/l],-0.05
10421,2023-10-25,Uran,µg/l],-0.05
10421,2023-10-25,Dichlormethan,µg/l],-0.1
10421,2023-10-25,Trichlormethan,µg/l],-0.1
10421,2023-10-25,Tetrachlormethan,µg/l],-0.1
10421,2023-10-25,"1,2-Dichlorethan",µg/l],-0.1
10421,2023-10-25,"cis-1,2-Dichloreth.",µg/l],-0.1
10421,2023-10-25,"1,1,1-Tri-Cl-Ethan",µg/l],-0.1
10421,2023-10-25,Trichlorethen,µg/l],-0.1
10421,2023-10-25,Tetrachlorethen,µg/l],-0.1
10421,2023-10-25,Vinylchlorid,µg/l],-0.1
10421,2023-10-25,"trans-1,2-Dichloret.",µg/l],-0.1
10421,2023-10-25,Benzen,µg/l],-0.1
10421,2023-10-25,Ethylbenzen,µg/l],-0.1
10421,2023-10-25,Toluen,µg/l],-0.1
10421,2023-10-25,Xylen (meta/para),µg/l],-0.1
10421,2023-10-25,Xylen (ortho),µg/l],-0.1
10421,2023-10-25,Cumol,µg/l],-0.1
10421,2023-10-25,Naphtalin,µg/l],-0.01
10421,2023-10-25,Acenaphthylen,µg/l],-0.01
10421,2023-10-25,Acenaphthen,µg/l],-0
10421,2023-10-25,Fluoren,µg/l],-0
10421,2023-10-25,Phenanthren,µg/l],-0
10421,2023-10-25,Anthracen,µg/l],-0.01
10421,2023-10-25,Fluoranthen,µg/l],-0
10421,2023-10-25,Pyren,µg/l],-0
10421,2023-10-25,Benz-a-Anthracen,µg/l],-0
10421,2023-10-25,Chrysen,µg/l],-0
10421,2023-10-25,Benz-b-Fluoranthen,µg/l],-0
10421,2023-10-25,Benz-k-Fluoranthen,µg/l],-0
10421,2023-10-25,Benz-a-Pyren,µg/l],-0
10421,2023-10-25,"Dibenz-a,h-Anthracen",µg/l],-0
10421,2023-10-25,"Benz-g,h,i-Perylen",µg/l],-0
10421,2023-10-25,"Indeno-1,2,3-cd-Pyr.",µg/l],-0
10421,2023-10-25,Summe Na+Cl,mg/l],128.7
10421,2023-10-25,Ionenbilanz (Labor),ohne Einheit],-1.9
